order_id,product,category,quantity,unit_price,order_date,region
ORD1000,Cotton T-Shirt,Fashion,5,2871.68,2025-01-11,North
ORD1001,Power Bank,Electronics,2,1549.04,2024-10-13,East
ORD1002,Skipping Rope,Sports,6,5074.93,2024-08-21,West
ORD1003,Running Shoes,Fashion,4,2563.6,2025-03-12,Central
ORD1004,Denim Jacket,Fashion,1,648.09,2024-06-25,South
ORD1005,Wall Clock,Home,5,319.27,2024-07-31,South
ORD1006,Football,Sports,1,5222.8,2024-12-10,South
ORD1007,Dumbbell Set,Sports,2,2231.74,2025-03-09,Central
ORD1008,Smartwatch,Electronics,5,4684.1,2024-07-09,North
ORD1009,Yoga Mat,Sports,1,2290.96,2024-09-20,South
ORD1010,Lip Balm,Beauty,2,2057.55,2025-01-21,North
ORD1011,Storage Box,Home,4,1119.35,2025-01-22,North
ORD1012,Leather Wallet,Fashion,3,3707.69,2024-12-06,West
ORD1013,Cricket Bat,Sports,3,5770.18,2024-11-22,Central
ORD1014,Sunglasses,Fashion,5,2319.49,2024-12-06,North
ORD1015,Cotton T-Shirt,Fashion,6,1553.94,2024-12-16,South
ORD1016,Yoga Mat,Sports,4,821.19,2025-02-19,East
ORD1017,Running Shoes,Fashion,5,1461.9,2024-11-24,South
ORD1018,Denim Jacket,Fashion,6,5141.46,2024-12-05,South
ORD1019,Power Bank,Electronics,6,4675.79,2025-02-12,South
ORD1020,Power Bank,Electronics,6,1983.01,2024-07-05,Central
ORD1021,Table Lamp,Home,3,5018.55,2024-12-09,West
ORD1022,Cotton T-Shirt,Fashion,3,1021.29,2024-09-13,North
ORD1023,Storage Box,Home,6,2406.45,2024-10-13,West
ORD1024,Table Lamp,Home,5,4424.31,2025-03-08,South
ORD1025,Running Shoes,Fashion,2,4961.83,2024-12-03,South
ORD1026,Table Lamp,Home,2,4466.29,2024-10-24,East
ORD1027,Bluetooth Speaker,Electronics,5,1321.61,2025-01-10,South
ORD1028,Running Shoes,Fashion,5,1615.51,2024-08-30,North
ORD1029,Yoga Mat,Sports,3,4352.82,2024-08-24,East
ORD1030,Hair Dryer,Beauty,3,3560.52,2024-07-02,North
ORD1031,Leather Wallet,Fashion,5,5491.62,2024-07-16,South
ORD1032,Cotton Bedsheet,Home,3,1919.55,2024-06-05,North
ORD1033,Skipping Rope,Sports,1,5735.65,2024-07-29,South
ORD1034,Denim Jacket,Fashion,3,4836.11,2024-12-05,West
ORD1035,Bluetooth Speaker,Electronics,2,3664.84,2025-01-08,South
ORD1036,Shampoo 200ml,Beauty,5,2583.66,2024-09-04,West
ORD1037,Non-stick Pan,Home,2,828.45,2024-07-30,South
ORD1038,Bluetooth Speaker,Electronics,5,654.93,2024-09-13,Central
ORD1039,Bluetooth Speaker,Electronics,1,689.76,2024-11-04,Central
ORD1040,Bluetooth Speaker,Electronics,5,3225.01,2024-06-26,Central
ORD1041,Skipping Rope,Sports,6,560.88,2024-12-12,West
ORD1042,Cotton T-Shirt,Fashion,2,1251.3,2025-03-21,North
ORD1043,Skipping Rope,Sports,1,3151.85,2024-07-06,South
ORD1044,Non-stick Pan,Home,4,5790.72,2024-09-14,North
ORD1045,Sunscreen SPF50,Beauty,2,4598.2,2024-12-22,West
ORD1046,Smartwatch,Electronics,6,5297.98,2024-07-06,West
ORD1047,Wireless Earbuds,Electronics,6,1423.28,2025-03-08,Central
ORD1048,USB-C Cable,Electronics,1,5343.96,2025-02-01,East
ORD1049,Smartwatch,Electronics,1,805.28,2024-09-14,South
ORD1050,Bluetooth Speaker,Electronics,3,5723.21,2024-10-13,Central
ORD1051,Leather Wallet,Fashion,1,5755.18,2024-07-10,East
ORD1052,Football,Sports,4,2167.91,2025-02-09,West
ORD1053,Denim Jacket,Fashion,3,4288.79,2025-01-22,South
ORD1054,Table Lamp,Home,4,4572.03,2024-09-15,North
ORD1055,Face Serum,Beauty,2,4023.5,2025-02-13,North
ORD1056,Wireless Earbuds,Electronics,3,4657.68,2025-01-12,North
ORD1057,Wall Clock,Home,5,2367.83,2024-09-14,North
ORD1058,Shampoo 200ml,Beauty,4,282.85,2024-11-24,Central
ORD1059,Cricket Bat,Sports,4,5496.88,2024-12-21,West
ORD1060,Dumbbell Set,Sports,6,951.01,2024-10-05,South
ORD1061,Face Serum,Beauty,1,3034.94,2024-11-10,Central
ORD1062,Wireless Earbuds,Electronics,5,3048.54,2024-07-04,East
ORD1063,USB-C Cable,Electronics,4,1307.72,2024-09-02,South
ORD1064,Denim Jacket,Fashion,1,4824.63,2024-12-25,East
ORD1065,Football,Sports,3,1819.09,2025-03-05,Central
ORD1066,Dumbbell Set,Sports,5,5270.34,2024-08-27,South
ORD1067,Lip Balm,Beauty,5,4433.42,2025-03-23,West
ORD1068,Cotton Bedsheet,Home,5,5127.87,2024-11-14,Central
ORD1069,Non-stick Pan,Home,5,5681.47,2024-10-19,East
ORD1070,Running Shoes,Fashion,2,3778.21,2024-07-29,Central
ORD1071,Face Serum,Beauty,2,5528.13,2025-02-21,South
ORD1072,Storage Box,Home,4,3324.57,2024-09-14,Central
ORD1073,Sunscreen SPF50,Beauty,4,5286.5,2024-09-07,South
ORD1074,Wall Clock,Home,1,340.37,2024-09-29,West
ORD1075,Leather Wallet,Fashion,3,3185.46,2024-12-29,West
ORD1076,Sunglasses,Fashion,4,4467.62,2024-10-15,North
ORD1077,Sunscreen SPF50,Beauty,4,4635.33,2024-08-06,North
ORD1078,Sunscreen SPF50,Beauty,1,2825.61,2024-11-24,South
ORD1079,Football,Sports,4,2487.87,2024-08-02,East
ORD1080,Sunglasses,Fashion,3,178.49,2024-07-23,North
ORD1081,Cotton T-Shirt,Fashion,1,2313.75,2024-08-31,Central
ORD1082,Smartwatch,Electronics,6,1402.93,2024-12-12,North
ORD1083,Power Bank,Electronics,5,2380.07,2024-07-23,East
ORD1084,Face Serum,Beauty,2,5283.09,2024-07-09,North
ORD1085,Skipping Rope,Sports,2,2488.06,2024-06-12,East
ORD1086,Cotton T-Shirt,Fashion,6,3838.97,2024-12-12,East
ORD1087,Denim Jacket,Fashion,6,2479.68,2024-10-05,West
ORD1088,Cricket Bat,Sports,2,3074.02,2024-07-16,East
ORD1089,Bluetooth Speaker,Electronics,3,5282.12,2024-10-18,East
ORD1090,Cotton T-Shirt,Fashion,5,2221.91,2024-12-28,West
ORD1091,Wireless Earbuds,Electronics,2,5955.99,2024-07-15,North
ORD1092,Football,Sports,6,5879.6,2024-08-17,West
ORD1093,Cotton Bedsheet,Home,5,2351.98,2025-03-28,West
ORD1094,Denim Jacket,Fashion,6,729.06,2025-01-14,South
ORD1095,Hair Dryer,Beauty,2,3280.21,2024-06-29,Central
ORD1096,Leather Wallet,Fashion,1,5882.07,2025-03-27,South
ORD1097,Running Shoes,Fashion,6,3686.67,2024-07-14,West
ORD1098,Running Shoes,Fashion,5,813.99,2024-09-05,West
ORD1099,Running Shoes,Fashion,2,1759.3,2025-02-26,East
ORD1100,Cricket Bat,Sports,2,5248.89,2025-01-29,West
ORD1101,Wireless Earbuds,Electronics,6,2606.84,2025-02-05,Central
ORD1102,Sunglasses,Fashion,3,5276.2,2024-08-03,East
ORD1103,Wall Clock,Home,3,1642.24,2024-12-16,West
ORD1104,Cricket Bat,Sports,3,958.4,2024-07-14,West
ORD1105,Leather Wallet,Fashion,2,2926.71,2024-08-26,Central
ORD1106,Wireless Earbuds,Electronics,1,2577.2,2024-07-05,West
ORD1107,Non-stick Pan,Home,3,2846.6,2024-10-24,East
ORD1108,Dumbbell Set,Sports,2,1981.31,2024-07-31,West
ORD1109,Wall Clock,Home,2,4966.38,2025-01-03,East
ORD1110,Skipping Rope,Sports,4,4352.83,2024-06-24,North
ORD1111,Power Bank,Electronics,1,2870.97,2024-07-23,South
ORD1112,Cricket Bat,Sports,6,3988.26,2025-01-16,West
ORD1113,Bluetooth Speaker,Electronics,1,5160.14,2025-03-17,East
ORD1114,Cricket Bat,Sports,1,4238.28,2024-10-26,South
ORD1115,Non-stick Pan,Home,6,2201.04,2024-08-16,Central
ORD1116,Cotton Bedsheet,Home,4,1138.54,2025-03-01,West
ORD1117,Leather Wallet,Fashion,6,3027.86,2025-03-12,North
ORD1118,Table Lamp,Home,2,2575.15,2024-11-14,West
ORD1119,Leather Wallet,Fashion,6,2913.27,2024-07-13,East
ORD1120,Skipping Rope,Sports,2,5318.66,2024-07-04,Central
ORD1121,Face Serum,Beauty,6,5357.12,2024-10-21,North
ORD1122,Power Bank,Electronics,6,3524.62,2024-07-30,West
ORD1123,Wireless Earbuds,Electronics,3,5608.19,2024-10-10,East
ORD1124,Face Serum,Beauty,1,5996.25,2025-02-14,South
ORD1125,USB-C Cable,Electronics,4,2274.96,2024-11-03,South
ORD1126,Leather Wallet,Fashion,2,5763.77,2025-02-20,Central
ORD1127,Denim Jacket,Fashion,2,3057.69,2025-02-03,East
ORD1128,Football,Sports,4,177.68,2025-01-27,Central
ORD1129,Yoga Mat,Sports,6,1010.13,2024-10-03,South
ORD1130,Running Shoes,Fashion,2,656.3,2025-03-12,North
ORD1131,Dumbbell Set,Sports,2,2526.15,2025-03-20,Central
ORD1132,USB-C Cable,Electronics,4,4045.19,2024-12-28,North
ORD1133,Wall Clock,Home,4,2259.43,2024-09-13,Central
ORD1134,Wall Clock,Home,6,5985.14,2025-01-22,North
ORD1135,Lip Balm,Beauty,4,4584.19,2025-02-27,South
ORD1136,Wireless Earbuds,Electronics,1,1255.13,2025-01-28,North
ORD1137,Yoga Mat,Sports,4,422.86,2024-10-04,West
ORD1138,Yoga Mat,Sports,5,3844.35,2024-12-31,West
ORD1139,Dumbbell Set,Sports,2,364.02,2024-06-18,Central
ORD1140,Dumbbell Set,Sports,3,3101.95,2024-08-19,West
ORD1141,Lip Balm,Beauty,5,2725.51,2024-12-27,South
ORD1142,Football,Sports,3,496.7,2025-01-30,East
ORD1143,Cotton T-Shirt,Fashion,4,2002.47,2024-08-08,West
ORD1144,Shampoo 200ml,Beauty,3,4110.34,2024-07-16,Central
ORD1145,Dumbbell Set,Sports,5,752.33,2025-03-28,East
ORD1146,Shampoo 200ml,Beauty,5,2197.65,2024-06-21,South
ORD1147,Cotton T-Shirt,Fashion,2,4565.56,2024-07-02,South
ORD1148,Sunscreen SPF50,Beauty,4,3727.02,2024-09-24,North
ORD1149,Cotton Bedsheet,Home,6,2425.3,2024-10-09,East
ORD1150,Non-stick Pan,Home,4,1452.68,2024-06-06,Central
ORD1151,Power Bank,Electronics,3,4687.02,2024-06-21,West
ORD1152,Non-stick Pan,Home,1,2681.18,2024-11-23,South
ORD1153,Non-stick Pan,Home,4,2488.32,2025-02-01,East
ORD1154,Bluetooth Speaker,Electronics,3,4292.33,2024-09-11,West
ORD1155,Skipping Rope,Sports,1,511.82,2024-12-01,South
ORD1156,Shampoo 200ml,Beauty,5,5594.62,2024-09-08,South
ORD1157,Shampoo 200ml,Beauty,2,1420.03,2024-10-11,South
ORD1158,Wall Clock,Home,3,4228.34,2024-08-21,Central
ORD1159,Storage Box,Home,2,5386.98,2024-09-21,West
ORD1160,Cotton Bedsheet,Home,3,4542.85,2024-09-15,North
ORD1161,Bluetooth Speaker,Electronics,2,4347.15,2024-06-28,North
ORD1162,Skipping Rope,Sports,3,984.06,2024-09-15,East
ORD1163,Bluetooth Speaker,Electronics,6,2757.76,2024-10-15,South
ORD1164,Cotton Bedsheet,Home,2,4144.38,2025-03-03,Central
ORD1165,Wall Clock,Home,3,2297.74,2024-07-13,South
ORD1166,Leather Wallet,Fashion,5,3811.73,2024-06-07,East
ORD1167,Sunscreen SPF50,Beauty,4,741.01,2025-02-24,East
ORD1168,Power Bank,Electronics,4,3492.5,2024-12-15,Central
ORD1169,Power Bank,Electronics,3,2311.75,2024-11-30,East
ORD1170,Denim Jacket,Fashion,1,2300.75,2025-03-04,South
ORD1171,Hair Dryer,Beauty,6,1070.45,2024-10-27,North
ORD1172,Denim Jacket,Fashion,6,1001.0,2025-01-17,South
ORD1173,Football,Sports,5,3246.52,2024-09-13,East
ORD1174,Wall Clock,Home,5,1398.3,2025-03-20,North
ORD1175,Wall Clock,Home,4,3739.61,2025-01-26,Central
ORD1176,Cotton Bedsheet,Home,1,4206.31,2024-06-12,South
ORD1177,Table Lamp,Home,5,3132.38,2025-03-25,West
ORD1178,Cotton T-Shirt,Fashion,1,4133.47,2024-06-16,South
ORD1179,Running Shoes,Fashion,4,2700.08,2025-02-24,West
ORD1180,Power Bank,Electronics,6,2827.79,2024-10-31,West
ORD1181,Shampoo 200ml,Beauty,1,5244.37,2025-03-18,Central
ORD1182,Football,Sports,2,982.61,2025-03-26,East
ORD1183,Yoga Mat,Sports,6,155.67,2025-02-26,East
ORD1184,Non-stick Pan,Home,2,5160.62,2024-12-13,South
ORD1185,Table Lamp,Home,3,2211.95,2024-12-23,South
ORD1186,Lip Balm,Beauty,2,3500.65,2024-12-30,South
ORD1187,Skipping Rope,Sports,3,3748.26,2024-10-26,North
ORD1188,Wall Clock,Home,5,2185.02,2024-10-25,West
ORD1189,Leather Wallet,Fashion,6,3969.57,2024-09-10,North
ORD1190,Face Serum,Beauty,5,3020.01,2024-06-17,North
ORD1191,Table Lamp,Home,1,4023.79,2025-01-26,South
ORD1192,Shampoo 200ml,Beauty,2,4144.94,2024-08-25,East
ORD1193,Shampoo 200ml,Beauty,2,4360.93,2024-09-04,South
ORD1194,Non-stick Pan,Home,5,2794.3,2025-03-16,South
ORD1195,Yoga Mat,Sports,4,4055.06,2024-06-03,North
ORD1196,Yoga Mat,Sports,1,3678.77,2024-11-02,Central
ORD1197,Football,Sports,4,4361.99,2024-06-12,West
ORD1198,Cotton Bedsheet,Home,4,1960.82,2025-01-16,Central
ORD1199,Dumbbell Set,Sports,6,2893.82,2024-11-30,Central
ORD1200,Cotton T-Shirt,Fashion,1,2983.41,2025-01-07,North
ORD1201,Yoga Mat,Sports,5,1307.29,2024-07-20,West
ORD1202,Cotton T-Shirt,Fashion,6,5705.08,2024-07-26,North
ORD1203,Cotton T-Shirt,Fashion,4,4915.47,2024-10-18,West
ORD1204,Hair Dryer,Beauty,3,1641.41,2025-02-08,South
ORD1205,Wall Clock,Home,4,4643.46,2024-06-30,East
ORD1206,Wall Clock,Home,5,325.47,2024-11-17,West
ORD1207,Lip Balm,Beauty,1,3385.79,2025-01-13,Central
ORD1208,Leather Wallet,Fashion,4,679.84,2025-02-26,Central
ORD1209,Dumbbell Set,Sports,4,1749.62,2024-10-14,East
ORD1210,USB-C Cable,Electronics,4,3122.45,2024-09-18,Central
ORD1211,Power Bank,Electronics,2,4519.4,2024-06-30,South
ORD1212,Table Lamp,Home,5,5184.36,2024-12-17,East
ORD1213,Hair Dryer,Beauty,6,1117.59,2024-09-22,East
ORD1214,Non-stick Pan,Home,3,3241.08,2024-11-16,South
ORD1215,Bluetooth Speaker,Electronics,1,4163.27,2024-12-17,North
ORD1216,Wall Clock,Home,4,521.46,2025-02-22,Central
ORD1217,Bluetooth Speaker,Electronics,3,5226.52,2025-01-01,Central
ORD1218,Leather Wallet,Fashion,4,154.05,2024-11-01,Central
ORD1219,Bluetooth Speaker,Electronics,4,2503.81,2025-01-12,East
ORD1220,Shampoo 200ml,Beauty,6,5496.94,2024-08-02,North
ORD1221,Face Serum,Beauty,2,1187.9,2024-11-21,North
ORD1222,Wall Clock,Home,6,2519.6,2024-11-08,East
ORD1223,Football,Sports,6,3090.84,2024-07-06,Central
ORD1224,Wireless Earbuds,Electronics,3,867.35,2025-02-22,Central
ORD1225,Cotton Bedsheet,Home,2,2330.92,2025-03-06,West
ORD1226,Face Serum,Beauty,1,4917.3,2025-02-19,East
ORD1227,Running Shoes,Fashion,1,1129.0,2024-11-21,West
ORD1228,Wall Clock,Home,1,769.68,2024-06-16,North
ORD1229,Non-stick Pan,Home,3,5158.48,2024-07-19,Central
ORD1230,Smartwatch,Electronics,5,470.57,2024-07-17,Central
ORD1231,Sunglasses,Fashion,5,4658.74,2024-07-30,South
ORD1232,Lip Balm,Beauty,1,5280.96,2024-11-20,North
ORD1233,Yoga Mat,Sports,6,4905.93,2024-09-22,Central
ORD1234,Hair Dryer,Beauty,4,626.68,2025-01-08,West
ORD1235,Power Bank,Electronics,1,3287.17,2024-11-07,Central
ORD1236,Wall Clock,Home,2,4286.74,2025-03-13,East
ORD1237,Power Bank,Electronics,6,743.27,2025-01-03,North
ORD1238,Wall Clock,Home,2,1364.08,2024-08-11,North
ORD1239,Non-stick Pan,Home,5,2215.13,2024-08-09,North
ORD1240,Cricket Bat,Sports,1,4044.49,2024-09-18,West
ORD1241,Power Bank,Electronics,4,2274.81,2025-03-12,East
ORD1242,Sunscreen SPF50,Beauty,6,2776.45,2025-03-04,North
ORD1243,Shampoo 200ml,Beauty,1,549.52,2024-09-01,West
ORD1244,Table Lamp,Home,6,1492.88,2024-07-01,West
ORD1245,Cricket Bat,Sports,1,2661.56,2025-02-07,North
ORD1246,Table Lamp,Home,1,3393.05,2024-06-25,North
ORD1247,Yoga Mat,Sports,1,4053.27,2024-08-07,South
ORD1248,Skipping Rope,Sports,2,1294.65,2024-09-02,East
ORD1249,Sunglasses,Fashion,6,3121.62,2025-02-09,Central
ORD1250,Table Lamp,Home,4,4759.98,2024-09-22,North
ORD1251,Cotton T-Shirt,Fashion,5,2668.28,2025-02-14,Central
ORD1252,Wireless Earbuds,Electronics,5,4267.77,2024-07-26,Central
ORD1253,Hair Dryer,Beauty,1,5806.29,2024-12-01,North
ORD1254,Denim Jacket,Fashion,1,530.85,2024-06-26,South
ORD1255,Face Serum,Beauty,5,866.33,2024-10-19,North
ORD1256,Yoga Mat,Sports,3,1642.39,2024-12-26,North
ORD1257,Yoga Mat,Sports,6,3725.43,2024-07-23,East
ORD1258,USB-C Cable,Electronics,2,1748.07,2025-03-16,East
ORD1259,Cotton T-Shirt,Fashion,5,5270.4,2024-06-16,West
ORD1260,USB-C Cable,Electronics,6,4897.6,2024-11-18,Central
ORD1261,Power Bank,Electronics,2,4200.02,2025-01-20,East
ORD1262,Leather Wallet,Fashion,4,3625.61,2024-09-21,Central
ORD1263,Cricket Bat,Sports,5,3975.09,2025-02-05,East
ORD1264,Wall Clock,Home,3,607.32,2024-08-13,Central
ORD1265,Smartwatch,Electronics,5,2250.66,2025-01-13,West
ORD1266,Non-stick Pan,Home,2,4095.73,2025-03-01,East
ORD1267,Shampoo 200ml,Beauty,4,3688.2,2024-11-24,South
ORD1268,Wireless Earbuds,Electronics,4,5638.21,2024-10-25,West
ORD1269,Wall Clock,Home,6,2495.0,2025-01-27,East
ORD1270,Hair Dryer,Beauty,3,3557.33,2024-06-08,South
ORD1271,Sunscreen SPF50,Beauty,5,4868.83,2024-12-16,North
ORD1272,Power Bank,Electronics,4,952.07,2025-03-04,West
ORD1273,Face Serum,Beauty,2,1954.38,2025-02-23,South
ORD1274,Leather Wallet,Fashion,5,3627.8,2024-12-29,West
ORD1275,Wireless Earbuds,Electronics,4,2312.03,2024-08-20,West
ORD1276,Lip Balm,Beauty,1,1075.1,2024-12-04,West
ORD1277,Cotton Bedsheet,Home,1,4343.27,2024-08-15,East
ORD1278,Non-stick Pan,Home,2,5771.99,2024-11-22,South
ORD1279,Leather Wallet,Fashion,1,154.02,2024-11-12,Central
ORD1280,Cricket Bat,Sports,5,2434.3,2024-07-03,West
ORD1281,Table Lamp,Home,3,5741.37,2024-06-29,East
ORD1282,Table Lamp,Home,6,2255.89,2024-09-25,East
ORD1283,Table Lamp,Home,2,4356.1,2025-02-19,East
ORD1284,Leather Wallet,Fashion,1,2076.91,2024-09-26,East
ORD1285,Cotton Bedsheet,Home,2,892.22,2024-08-03,North
ORD1286,Yoga Mat,Sports,2,5539.94,2025-03-24,East
ORD1287,Denim Jacket,Fashion,6,787.67,2024-10-20,North
ORD1288,Running Shoes,Fashion,5,5568.49,2025-02-04,Central
ORD1289,Non-stick Pan,Home,6,5455.56,2024-09-09,West
ORD1290,Hair Dryer,Beauty,5,1034.11,2024-11-03,North
ORD1291,Table Lamp,Home,1,2648.44,2025-02-27,South
ORD1292,Table Lamp,Home,2,3028.7,2025-03-17,Central
ORD1293,USB-C Cable,Electronics,1,3970.89,2024-06-22,Central
ORD1294,Sunscreen SPF50,Beauty,3,1101.36,2024-12-27,East
ORD1295,Hair Dryer,Beauty,5,4565.7,2025-01-09,South
ORD1296,Cotton T-Shirt,Fashion,5,2919.81,2024-10-23,East
ORD1297,Storage Box,Home,2,4638.38,2024-11-01,Central
ORD1298,Skipping Rope,Sports,2,1293.22,2025-02-08,South
ORD1299,Cotton T-Shirt,Fashion,3,4524.93,2024-08-05,East
ORD1300,Non-stick Pan,Home,1,545.51,2025-01-25,Central
ORD1301,Dumbbell Set,Sports,5,297.67,2024-06-24,South
ORD1302,Cotton T-Shirt,Fashion,3,1497.85,2025-02-25,South
ORD1303,Football,Sports,2,191.62,2024-10-13,West
ORD1304,Shampoo 200ml,Beauty,4,2371.19,2024-12-11,North
ORD1305,Dumbbell Set,Sports,5,3343.99,2025-02-09,East
ORD1306,Sunglasses,Fashion,4,612.33,2024-08-06,North
ORD1307,Lip Balm,Beauty,2,572.69,2024-09-19,West
ORD1308,Cricket Bat,Sports,5,1259.06,2024-12-08,South
ORD1309,Sunscreen SPF50,Beauty,1,3991.5,2024-06-18,West
ORD1310,Running Shoes,Fashion,3,4773.56,2024-10-13,South
ORD1311,Wireless Earbuds,Electronics,1,4860.83,2024-07-12,East
ORD1312,Cotton T-Shirt,Fashion,2,3606.65,2024-12-13,East
ORD1313,Leather Wallet,Fashion,3,1736.64,2024-09-13,South
ORD1314,USB-C Cable,Electronics,5,5123.69,2024-07-20,North
ORD1315,Denim Jacket,Fashion,2,4939.32,2024-10-20,Central
ORD1316,Sunscreen SPF50,Beauty,5,2678.0,2025-01-26,North
ORD1317,Wireless Earbuds,Electronics,1,4515.92,2024-11-02,South
ORD1318,Cotton T-Shirt,Fashion,5,3657.95,2024-12-04,Central
ORD1319,Sunglasses,Fashion,6,2568.13,2024-07-06,Central
ORD1320,Skipping Rope,Sports,1,5051.54,2025-01-30,Central
ORD1321,Face Serum,Beauty,6,5976.46,2024-08-06,North
ORD1322,Sunglasses,Fashion,5,1047.66,2024-10-09,South
ORD1323,Shampoo 200ml,Beauty,2,3162.57,2025-02-07,East
ORD1324,Yoga Mat,Sports,2,1404.16,2024-08-22,South
ORD1325,Cotton Bedsheet,Home,5,2030.73,2025-03-13,North
ORD1326,Face Serum,Beauty,3,2785.24,2024-07-31,East
ORD1327,Dumbbell Set,Sports,4,3400.12,2024-11-06,West
ORD1328,Shampoo 200ml,Beauty,3,187.31,2024-06-10,South
ORD1329,Shampoo 200ml,Beauty,4,5178.83,2024-11-28,West
ORD1330,Wireless Earbuds,Electronics,6,5806.83,2024-12-11,South
ORD1331,Wall Clock,Home,2,852.86,2024-09-01,Central
ORD1332,Table Lamp,Home,5,4999.61,2024-09-17,Central
ORD1333,Hair Dryer,Beauty,2,2962.45,2024-10-12,West
ORD1334,Storage Box,Home,3,4293.64,2024-09-19,Central
ORD1335,Cotton Bedsheet,Home,1,5451.92,2024-12-02,Central
ORD1336,Hair Dryer,Beauty,2,4024.21,2024-06-19,West
ORD1337,Shampoo 200ml,Beauty,1,5341.55,2025-03-06,East
ORD1338,Table Lamp,Home,2,1333.95,2024-10-14,South
ORD1339,Sunglasses,Fashion,6,1771.14,2025-03-15,North
ORD1340,USB-C Cable,Electronics,6,1959.33,2025-01-08,East
ORD1341,Bluetooth Speaker,Electronics,3,1210.7,2024-06-15,West
ORD1342,Storage Box,Home,5,4140.92,2025-01-29,North
ORD1343,Sunglasses,Fashion,6,4396.15,2024-09-24,West
ORD1344,Sunglasses,Fashion,1,636.51,2024-12-28,East
ORD1345,Cricket Bat,Sports,3,4467.96,2025-03-10,East
ORD1346,Cricket Bat,Sports,2,578.52,2024-10-05,West
ORD1347,Dumbbell Set,Sports,1,1370.16,2024-12-27,South
ORD1348,Lip Balm,Beauty,5,3054.79,2025-02-06,West
ORD1349,Shampoo 200ml,Beauty,5,3030.37,2025-02-05,East
ORD1350,Dumbbell Set,Sports,3,4761.63,2025-01-04,North
ORD1351,Non-stick Pan,Home,1,2990.33,2024-07-08,Central
ORD1352,Denim Jacket,Fashion,5,287.4,2025-03-08,Central
ORD1353,Denim Jacket,Fashion,4,4751.74,2024-08-06,South
ORD1354,Wall Clock,Home,5,225.97,2025-02-06,West
ORD1355,Smartwatch,Electronics,1,343.97,2024-07-09,North
ORD1356,Wall Clock,Home,1,2105.73,2025-02-25,North
ORD1357,Cotton T-Shirt,Fashion,2,4533.9,2024-12-29,East
ORD1358,Hair Dryer,Beauty,2,4585.12,2024-10-12,Central
ORD1359,Yoga Mat,Sports,1,164.83,2025-02-24,West
ORD1360,Power Bank,Electronics,3,4979.28,2024-06-10,East
ORD1361,Skipping Rope,Sports,1,2154.37,2025-02-02,South
ORD1362,Yoga Mat,Sports,4,2807.01,2025-03-21,West
ORD1363,Sunscreen SPF50,Beauty,4,2794.73,2024-06-19,Central
ORD1364,Face Serum,Beauty,1,4835.64,2024-09-08,West
ORD1365,Storage Box,Home,3,1458.77,2024-08-28,North
ORD1366,Sunglasses,Fashion,4,3470.54,2025-01-11,South
ORD1367,Cotton T-Shirt,Fashion,5,5907.45,2024-07-24,East
ORD1368,Leather Wallet,Fashion,5,1293.5,2025-02-06,West
ORD1369,Wireless Earbuds,Electronics,1,4135.55,2024-11-05,Central
ORD1370,Power Bank,Electronics,6,3069.95,2024-09-02,West
ORD1371,USB-C Cable,Electronics,4,3121.66,2024-12-26,Central
ORD1372,Skipping Rope,Sports,6,4167.0,2025-01-02,North
ORD1373,USB-C Cable,Electronics,3,4090.27,2025-01-29,South
ORD1374,Sunglasses,Fashion,4,5919.91,2025-02-01,Central
ORD1375,Denim Jacket,Fashion,6,5507.46,2024-12-28,East
ORD1376,Leather Wallet,Fashion,1,1134.06,2024-09-11,South
ORD1377,Shampoo 200ml,Beauty,4,3998.44,2024-11-27,Central
ORD1378,Lip Balm,Beauty,6,2108.46,2025-01-14,West
ORD1379,Hair Dryer,Beauty,3,4942.7,2024-10-14,West
ORD1380,Smartwatch,Electronics,3,5075.46,2024-10-01,East
ORD1381,Lip Balm,Beauty,3,3939.48,2024-08-06,East
ORD1382,Smartwatch,Electronics,2,2739.7,2024-08-26,Central
ORD1383,USB-C Cable,Electronics,6,1746.43,2025-02-24,Central
ORD1384,Lip Balm,Beauty,2,3903.84,2024-10-11,East
ORD1385,Bluetooth Speaker,Electronics,4,4857.67,2024-11-26,East
ORD1386,Yoga Mat,Sports,4,3221.12,2024-12-09,South
ORD1387,Dumbbell Set,Sports,2,4416.97,2024-12-08,West
ORD1388,Dumbbell Set,Sports,2,4371.45,2024-08-01,South
ORD1389,Hair Dryer,Beauty,4,1922.22,2025-02-24,North
ORD1390,Running Shoes,Fashion,4,1445.25,2024-09-16,North
ORD1391,Running Shoes,Fashion,3,157.65,2024-12-15,South
ORD1392,Non-stick Pan,Home,1,1988.22,2024-06-24,South
ORD1393,Lip Balm,Beauty,5,1498.2,2025-02-28,West
ORD1394,Football,Sports,2,1332.23,2024-10-28,West
ORD1395,Lip Balm,Beauty,6,2648.19,2024-12-19,West
ORD1396,Bluetooth Speaker,Electronics,2,5126.97,2024-08-09,West
ORD1397,Wall Clock,Home,5,2926.04,2024-07-28,East
ORD1398,Dumbbell Set,Sports,1,4295.97,2025-03-22,East
ORD1399,Wireless Earbuds,Electronics,1,273.72,2025-02-06,West
ORD1400,Power Bank,Electronics,5,794.52,2024-11-15,North
ORD1401,Lip Balm,Beauty,5,1684.87,2025-01-23,West
ORD1402,Football,Sports,2,3182.46,2024-09-29,North
ORD1403,Face Serum,Beauty,3,1621.93,2024-11-12,West
ORD1404,Cotton T-Shirt,Fashion,6,5686.91,2025-02-26,Central
ORD1405,Non-stick Pan,Home,1,5683.15,2024-11-24,South
ORD1406,Face Serum,Beauty,2,4599.08,2024-06-15,West
ORD1407,Football,Sports,3,2681.37,2025-01-27,North
ORD1408,Face Serum,Beauty,6,5099.91,2025-03-05,North
ORD1409,Wall Clock,Home,2,1549.06,2024-12-22,North
ORD1410,Wall Clock,Home,1,895.15,2025-02-07,West
ORD1411,Cotton T-Shirt,Fashion,5,3920.96,2025-02-22,East
ORD1412,Bluetooth Speaker,Electronics,2,3064.64,2025-02-12,West
ORD1413,Smartwatch,Electronics,6,3104.39,2024-06-06,West
ORD1414,Yoga Mat,Sports,1,3823.62,2024-12-25,East
ORD1415,Wireless Earbuds,Electronics,4,1713.87,2025-02-09,North
ORD1416,Hair Dryer,Beauty,2,4603.91,2024-11-02,West
ORD1417,Cricket Bat,Sports,5,5818.56,2024-06-06,South
ORD1418,Sunglasses,Fashion,3,2855.27,2025-01-08,East
ORD1419,Running Shoes,Fashion,3,5284.2,2024-08-06,West
ORD1420,Wall Clock,Home,1,3743.88,2024-09-05,North
ORD1421,Hair Dryer,Beauty,5,1582.42,2024-12-17,East
ORD1422,Table Lamp,Home,4,3030.82,2025-02-21,East
ORD1423,Skipping Rope,Sports,3,5696.77,2024-10-15,North
ORD1424,Skipping Rope,Sports,6,3499.34,2024-11-09,Central
ORD1425,Table Lamp,Home,2,5975.71,2024-06-18,West
ORD1426,Leather Wallet,Fashion,1,5091.74,2024-11-23,South
ORD1427,Hair Dryer,Beauty,5,4720.24,2024-08-03,East
ORD1428,Cotton Bedsheet,Home,6,370.92,2024-08-06,Central
ORD1429,Skipping Rope,Sports,4,2379.42,2024-09-21,North
ORD1430,Dumbbell Set,Sports,2,2245.57,2024-12-22,East
ORD1431,Running Shoes,Fashion,2,321.71,2024-07-31,East
ORD1432,Running Shoes,Fashion,2,4143.31,2024-09-15,South
ORD1433,Wireless Earbuds,Electronics,2,5218.33,2024-11-30,South
ORD1434,USB-C Cable,Electronics,3,175.62,2024-10-28,South
ORD1435,Table Lamp,Home,6,5692.12,2024-08-11,North
ORD1436,Hair Dryer,Beauty,2,4875.32,2024-06-29,East
ORD1437,Yoga Mat,Sports,6,340.32,2024-09-30,North
ORD1438,Cotton T-Shirt,Fashion,5,1834.13,2025-01-16,South
ORD1439,Cricket Bat,Sports,4,4575.45,2025-02-04,Central
ORD1440,Sunscreen SPF50,Beauty,5,4896.39,2024-08-16,East
ORD1441,Cotton T-Shirt,Fashion,2,3228.66,2024-07-24,East
ORD1442,USB-C Cable,Electronics,2,2993.21,2024-09-05,Central
ORD1443,Storage Box,Home,3,5133.92,2025-03-28,East
ORD1444,USB-C Cable,Electronics,3,1230.3,2024-12-03,East
ORD1445,Shampoo 200ml,Beauty,5,4733.14,2024-07-11,East
ORD1446,Sunglasses,Fashion,1,1575.52,2025-02-18,North
ORD1447,Football,Sports,6,4401.31,2024-11-16,East
ORD1448,Sunglasses,Fashion,4,2417.93,2024-11-21,North
ORD1449,Sunglasses,Fashion,5,1798.09,2024-07-29,East
ORD1450,USB-C Cable,Electronics,5,946.95,2024-10-09,East
ORD1451,Lip Balm,Beauty,1,1538.36,2024-11-18,North
ORD1452,Shampoo 200ml,Beauty,5,5592.14,2024-11-25,East
ORD1453,Dumbbell Set,Sports,3,5186.51,2025-02-16,Central
ORD1454,Wireless Earbuds,Electronics,5,4576.3,2024-08-08,South
ORD1455,Shampoo 200ml,Beauty,3,1905.15,2025-01-18,West
ORD1456,Lip Balm,Beauty,3,3510.38,2024-09-01,East
ORD1457,Running Shoes,Fashion,2,1418.43,2025-01-16,South
ORD1458,Sunglasses,Fashion,2,2972.79,2025-01-27,Central
ORD1459,Wireless Earbuds,Electronics,4,513.43,2024-10-24,East
ORD1460,Sunglasses,Fashion,3,3352.4,2024-11-06,Central
ORD1461,Shampoo 200ml,Beauty,3,5543.83,2024-07-25,West
ORD1462,Sunscreen SPF50,Beauty,2,4114.8,2024-11-22,West
ORD1463,Face Serum,Beauty,2,2079.87,2025-03-28,South
ORD1464,Running Shoes,Fashion,2,4692.66,2025-01-07,West
ORD1465,Sunglasses,Fashion,6,4778.72,2024-12-10,East
ORD1466,Bluetooth Speaker,Electronics,2,3021.29,2025-02-03,West
ORD1467,Denim Jacket,Fashion,1,5660.2,2024-12-06,North
ORD1468,Non-stick Pan,Home,1,3054.15,2024-06-26,North
ORD1469,Cotton T-Shirt,Fashion,3,2117.88,2024-10-02,East
ORD1470,Cotton T-Shirt,Fashion,5,5786.04,2024-12-04,West
ORD1471,Table Lamp,Home,4,5953.8,2024-09-18,South
ORD1472,Leather Wallet,Fashion,6,5827.66,2024-12-30,West
ORD1473,Yoga Mat,Sports,5,4949.18,2024-11-30,North
ORD1474,Sunglasses,Fashion,1,325.32,2024-12-31,North
ORD1475,Denim Jacket,Fashion,1,2920.85,2024-12-07,East
ORD1476,Hair Dryer,Beauty,3,4630.86,2024-07-18,Central
ORD1477,Hair Dryer,Beauty,2,1454.95,2025-03-12,West
ORD1478,USB-C Cable,Electronics,6,5798.33,2024-07-06,West
ORD1479,USB-C Cable,Electronics,5,5740.64,2025-02-21,Central
ORD1480,Cricket Bat,Sports,6,4123.42,2024-07-16,North
ORD1481,Cotton T-Shirt,Fashion,5,1301.89,2024-07-11,North
ORD1482,Smartwatch,Electronics,2,1163.29,2024-08-22,West
ORD1483,Running Shoes,Fashion,1,3724.87,2024-09-06,South
ORD1484,Wall Clock,Home,4,1571.51,2025-03-28,North
ORD1485,Table Lamp,Home,6,4064.3,2024-09-29,Central
ORD1486,Football,Sports,5,1141.92,2024-07-03,Central
ORD1487,Skipping Rope,Sports,2,3240.05,2024-10-24,West
ORD1488,Yoga Mat,Sports,4,4671.61,2025-01-08,West
ORD1489,Non-stick Pan,Home,2,4474.02,2025-03-06,South
ORD1490,Sunglasses,Fashion,6,692.32,2024-10-29,South
ORD1491,Shampoo 200ml,Beauty,3,2962.3,2024-08-16,West
ORD1492,Cotton T-Shirt,Fashion,1,1657.29,2025-03-14,South
ORD1493,Storage Box,Home,5,4949.52,2024-12-26,South
ORD1494,Hair Dryer,Beauty,6,2064.48,2024-07-18,Central
ORD1495,Shampoo 200ml,Beauty,3,1744.86,2025-03-18,South
ORD1496,Leather Wallet,Fashion,5,2758.31,2024-07-16,East
ORD1497,Leather Wallet,Fashion,5,1420.78,2025-03-19,Central
ORD1498,Denim Jacket,Fashion,1,4890.69,2024-11-17,West
ORD1499,Lip Balm,Beauty,6,993.41,2024-10-21,North
ORD1500,Storage Box,Home,5,4590.18,2025-03-12,Central
ORD1501,Lip Balm,Beauty,5,2423.32,2025-01-01,Central
ORD1502,Wireless Earbuds,Electronics,6,5920.17,2024-09-02,South
ORD1503,Dumbbell Set,Sports,2,4040.19,2024-08-09,East
ORD1504,Hair Dryer,Beauty,4,953.62,2024-06-27,South
ORD1505,Sunscreen SPF50,Beauty,2,2992.93,2025-03-13,East
ORD1506,Power Bank,Electronics,6,4316.95,2024-09-13,Central
ORD1507,Shampoo 200ml,Beauty,3,4285.04,2025-02-22,East
ORD1508,Hair Dryer,Beauty,2,451.03,2024-10-14,East
ORD1509,Sunglasses,Fashion,4,4165.94,2024-11-14,West
ORD1510,Lip Balm,Beauty,4,3089.13,2025-03-15,North
ORD1511,Smartwatch,Electronics,3,542.56,2024-08-07,West
ORD1512,Shampoo 200ml,Beauty,3,3889.01,2024-10-14,South
ORD1513,Sunscreen SPF50,Beauty,2,2881.32,2024-12-06,West
ORD1514,Smartwatch,Electronics,4,2227.52,2024-10-07,East
ORD1515,Table Lamp,Home,1,1857.26,2024-07-15,Central
ORD1516,Shampoo 200ml,Beauty,3,2817.09,2024-07-22,East
ORD1517,Table Lamp,Home,2,2055.91,2025-03-22,North
ORD1518,Skipping Rope,Sports,3,4073.42,2024-06-12,East
ORD1519,Lip Balm,Beauty,6,742.5,2024-09-23,East
ORD1520,Cricket Bat,Sports,1,3329.02,2024-10-13,South
ORD1521,Cotton Bedsheet,Home,6,3441.53,2025-01-30,West
ORD1522,Sunscreen SPF50,Beauty,2,5147.12,2024-06-25,East
ORD1523,Cotton Bedsheet,Home,2,3355.61,2024-06-01,West
ORD1524,USB-C Cable,Electronics,5,5827.68,2025-02-07,North
ORD1525,Smartwatch,Electronics,2,892.42,2024-07-12,Central
ORD1526,Cotton T-Shirt,Fashion,4,5416.06,2024-10-30,Central
ORD1527,Lip Balm,Beauty,5,3651.8,2024-11-18,South
ORD1528,Face Serum,Beauty,6,1204.11,2025-01-06,North
ORD1529,Smartwatch,Electronics,2,2001.7,2025-02-13,South
ORD1530,Smartwatch,Electronics,1,3820.94,2025-02-01,East
ORD1531,Bluetooth Speaker,Electronics,1,2654.42,2024-06-06,Central
ORD1532,Cotton Bedsheet,Home,1,2498.5,2025-03-28,West
ORD1533,Cotton T-Shirt,Fashion,2,4965.17,2024-07-27,East
ORD1534,Sunscreen SPF50,Beauty,2,405.8,2024-10-04,North
ORD1535,Dumbbell Set,Sports,4,1799.72,2024-07-15,South
ORD1536,Shampoo 200ml,Beauty,4,2205.63,2024-06-23,South
ORD1537,Cotton Bedsheet,Home,4,655.72,2024-12-29,East
ORD1538,Sunglasses,Fashion,1,2598.34,2024-08-14,East
ORD1539,Lip Balm,Beauty,3,2129.48,2025-01-02,West
ORD1540,Table Lamp,Home,6,1565.43,2025-01-29,North
ORD1541,Storage Box,Home,6,1987.4,2024-06-04,North
ORD1542,Leather Wallet,Fashion,5,3001.46,2025-01-05,Central
ORD1543,Smartwatch,Electronics,4,5748.06,2024-07-07,South
ORD1544,USB-C Cable,Electronics,1,5118.94,2025-01-19,Central
ORD1545,Cotton Bedsheet,Home,2,2285.11,2024-09-05,Central
ORD1546,Cotton Bedsheet,Home,1,3833.42,2024-12-07,East
ORD1547,Cricket Bat,Sports,6,3559.16,2024-11-11,North
ORD1548,Lip Balm,Beauty,4,4933.54,2025-01-13,Central
ORD1549,Denim Jacket,Fashion,2,5185.01,2025-02-26,South
ORD1550,Bluetooth Speaker,Electronics,3,1183.33,2024-10-14,West
ORD1551,Cricket Bat,Sports,6,5583.79,2024-11-17,North
ORD1552,Yoga Mat,Sports,2,4366.35,2024-11-03,North
ORD1553,Smartwatch,Electronics,6,1932.97,2025-02-14,North
ORD1554,Running Shoes,Fashion,1,3699.73,2024-09-06,East
ORD1555,Lip Balm,Beauty,6,1599.71,2024-12-31,South
ORD1556,Table Lamp,Home,3,2969.66,2024-12-06,East
ORD1557,Storage Box,Home,6,5242.49,2024-06-02,Central
ORD1558,Cricket Bat,Sports,1,2522.88,2024-10-13,South
ORD1559,Shampoo 200ml,Beauty,1,3892.76,2024-08-15,North
ORD1560,Face Serum,Beauty,6,1726.89,2024-07-02,North
ORD1561,Non-stick Pan,Home,6,4245.42,2024-08-26,Central
ORD1562,Cotton Bedsheet,Home,6,4945.58,2025-01-27,North
ORD1563,Hair Dryer,Beauty,3,2376.99,2024-07-26,West
ORD1564,Hair Dryer,Beauty,4,2343.61,2024-11-29,Central
ORD1565,Power Bank,Electronics,6,1535.01,2025-03-16,South
ORD1566,Wireless Earbuds,Electronics,1,4160.94,2024-12-03,Central
ORD1567,Power Bank,Electronics,5,4649.11,2024-09-05,South
ORD1568,Power Bank,Electronics,5,1389.51,2024-12-10,East
ORD1569,Face Serum,Beauty,5,3672.63,2024-10-10,East
ORD1570,Power Bank,Electronics,3,4269.61,2024-10-30,East
ORD1571,Non-stick Pan,Home,5,1335.4,2024-12-06,West
ORD1572,Power Bank,Electronics,4,5210.28,2024-06-04,Central
ORD1573,Leather Wallet,Fashion,2,5235.69,2025-01-27,Central
ORD1574,Leather Wallet,Fashion,2,3967.43,2024-09-02,West
ORD1575,USB-C Cable,Electronics,6,4939.84,2024-12-28,North
ORD1576,Storage Box,Home,6,4941.63,2024-07-04,North
ORD1577,Football,Sports,5,5185.33,2024-06-11,North
ORD1578,USB-C Cable,Electronics,2,2700.63,2024-06-02,Central
ORD1579,USB-C Cable,Electronics,3,5089.25,2024-06-02,Central
ORD1580,Power Bank,Electronics,1,436.59,2024-09-09,South
ORD1581,Shampoo 200ml,Beauty,6,1133.32,2024-06-13,East
ORD1582,Football,Sports,4,4966.19,2025-02-09,North
ORD1583,Smartwatch,Electronics,6,3593.72,2024-08-08,West
ORD1584,Dumbbell Set,Sports,1,765.31,2024-11-19,West
ORD1585,Football,Sports,3,2688.98,2025-02-07,West
ORD1586,Non-stick Pan,Home,5,2267.8,2025-03-16,North
ORD1587,Dumbbell Set,Sports,2,365.98,2024-08-01,South
ORD1588,Leather Wallet,Fashion,2,5154.57,2025-03-19,West
ORD1589,Sunglasses,Fashion,6,3717.4,2024-11-28,North
ORD1590,Power Bank,Electronics,3,769.17,2025-01-26,East
ORD1591,Football,Sports,6,2916.37,2024-12-03,Central
ORD1592,USB-C Cable,Electronics,2,4425.31,2025-02-06,West
ORD1593,Sunglasses,Fashion,4,5671.65,2024-10-23,West
ORD1594,Hair Dryer,Beauty,2,2336.82,2024-11-18,Central
ORD1595,Denim Jacket,Fashion,5,1525.9,2024-12-15,Central
ORD1596,Skipping Rope,Sports,4,4547.6,2024-08-30,East
ORD1597,Table Lamp,Home,1,3728.06,2024-07-02,West
ORD1598,Leather Wallet,Fashion,6,3530.89,2024-08-16,West
ORD1599,Face Serum,Beauty,5,670.92,2025-01-02,Central
ORD1600,Dumbbell Set,Sports,2,2311.93,2024-06-20,South
ORD1601,Bluetooth Speaker,Electronics,5,2948.58,2024-09-19,North
ORD1602,Leather Wallet,Fashion,5,925.74,2025-01-31,East
ORD1603,Cotton Bedsheet,Home,3,5082.15,2024-08-31,West
ORD1604,Table Lamp,Home,2,3649.6,2024-10-20,Central
ORD1605,Lip Balm,Beauty,4,3099.46,2024-07-29,South
ORD1606,Dumbbell Set,Sports,4,3606.71,2024-09-09,East
ORD1607,Running Shoes,Fashion,4,1499.94,2024-08-24,South
ORD1608,Wall Clock,Home,2,633.82,2025-01-22,Central
ORD1609,Lip Balm,Beauty,1,4790.31,2025-03-18,East
ORD1610,Lip Balm,Beauty,6,3942.98,2024-11-09,East
ORD1611,Shampoo 200ml,Beauty,6,2972.72,2025-03-16,North
ORD1612,Lip Balm,Beauty,2,583.86,2024-08-04,East
ORD1613,Non-stick Pan,Home,6,2017.7,2024-11-27,South
ORD1614,Yoga Mat,Sports,1,4186.11,2025-02-09,East
ORD1615,USB-C Cable,Electronics,2,5414.6,2025-01-22,South
ORD1616,USB-C Cable,Electronics,3,3166.08,2024-09-05,West
ORD1617,Cricket Bat,Sports,4,3915.36,2024-12-31,South
ORD1618,Cricket Bat,Sports,2,1316.88,2024-07-22,West
ORD1619,Football,Sports,4,5862.41,2025-02-22,Central
ORD1620,Cotton T-Shirt,Fashion,1,2488.45,2024-10-18,South
ORD1621,Cricket Bat,Sports,3,4840.91,2024-07-01,North
ORD1622,Smartwatch,Electronics,2,5169.93,2025-01-29,East
ORD1623,Dumbbell Set,Sports,3,1778.67,2025-03-27,South
ORD1624,Wireless Earbuds,Electronics,1,5127.18,2024-07-07,Central
ORD1625,Skipping Rope,Sports,4,3726.08,2024-07-29,South
ORD1626,Wall Clock,Home,2,2312.81,2024-11-12,South
ORD1627,Cricket Bat,Sports,5,5343.27,2024-07-10,North
ORD1628,Smartwatch,Electronics,6,3071.98,2024-09-05,East
ORD1629,Lip Balm,Beauty,4,461.28,2024-07-18,West
ORD1630,Denim Jacket,Fashion,4,1246.15,2024-11-19,East
ORD1631,Leather Wallet,Fashion,2,168.99,2024-08-31,North
ORD1632,Non-stick Pan,Home,6,1616.36,2024-12-17,Central
ORD1633,Cotton Bedsheet,Home,6,1612.26,2024-10-24,North
ORD1634,Face Serum,Beauty,4,1589.8,2024-10-30,South
ORD1635,Leather Wallet,Fashion,4,5491.46,2024-11-22,East
ORD1636,Face Serum,Beauty,6,4022.65,2024-12-31,North
ORD1637,Wall Clock,Home,5,5141.41,2024-07-10,North
ORD1638,Hair Dryer,Beauty,3,783.88,2024-09-06,East
ORD1639,Table Lamp,Home,3,3849.58,2024-07-14,South
ORD1640,Bluetooth Speaker,Electronics,2,1852.73,2024-07-25,West
ORD1641,Leather Wallet,Fashion,1,2390.37,2024-06-22,Central
ORD1642,Leather Wallet,Fashion,3,4037.08,2024-07-14,Central
ORD1643,Cotton T-Shirt,Fashion,1,1271.71,2024-09-09,West
ORD1644,Lip Balm,Beauty,6,4851.17,2024-08-11,Central
ORD1645,Sunglasses,Fashion,1,2073.12,2025-01-07,East
ORD1646,Yoga Mat,Sports,4,3933.76,2024-07-21,East
ORD1647,Hair Dryer,Beauty,2,3460.04,2024-11-16,South
ORD1648,Sunglasses,Fashion,2,1145.58,2025-03-27,North
ORD1649,Smartwatch,Electronics,2,3487.01,2024-10-17,Central
ORD1650,Smartwatch,Electronics,1,1812.83,2024-07-14,South
ORD1651,Cricket Bat,Sports,6,4264.14,2025-03-23,Central
ORD1652,Wall Clock,Home,1,1814.38,2024-08-26,West
ORD1653,Denim Jacket,Fashion,1,5448.72,2024-08-23,North
ORD1654,Power Bank,Electronics,3,5356.67,2024-08-17,North
ORD1655,Skipping Rope,Sports,6,1920.95,2024-11-05,West
ORD1656,Skipping Rope,Sports,5,5768.08,2024-12-18,West
ORD1657,Sunglasses,Fashion,3,3330.99,2025-03-05,South
ORD1658,Sunscreen SPF50,Beauty,5,879.05,2024-12-15,West
ORD1659,Sunglasses,Fashion,1,5491.87,2024-11-07,East
ORD1660,Yoga Mat,Sports,3,1269.62,2024-08-16,North
ORD1661,Yoga Mat,Sports,1,725.49,2024-07-02,Central
ORD1662,Denim Jacket,Fashion,2,748.69,2024-12-24,Central
ORD1663,Cotton Bedsheet,Home,3,1220.73,2024-10-07,North
ORD1664,Cotton Bedsheet,Home,6,5278.93,2024-10-07,West
ORD1665,Storage Box,Home,4,5026.74,2024-10-03,South
ORD1666,Bluetooth Speaker,Electronics,3,1594.35,2024-10-08,South
ORD1667,Wall Clock,Home,4,2729.92,2024-06-21,West
ORD1668,Shampoo 200ml,Beauty,1,1968.98,2024-08-08,Central
ORD1669,Wall Clock,Home,5,3036.94,2025-01-05,West
ORD1670,Lip Balm,Beauty,1,5832.35,2025-02-11,West
ORD1671,Table Lamp,Home,1,2775.6,2024-11-21,South
ORD1672,Running Shoes,Fashion,1,1560.45,2024-09-20,North
ORD1673,Running Shoes,Fashion,1,4174.35,2025-02-08,South
ORD1674,Leather Wallet,Fashion,2,2166.29,2024-09-02,West
ORD1675,Cotton T-Shirt,Fashion,1,2705.68,2025-02-28,Central
ORD1676,Wall Clock,Home,2,2989.57,2025-01-09,South
ORD1677,Skipping Rope,Sports,3,4241.0,2024-09-21,Central
ORD1678,USB-C Cable,Electronics,2,4800.96,2025-02-17,Central
ORD1679,Storage Box,Home,6,1271.47,2024-08-25,West
ORD1680,Football,Sports,5,274.85,2024-06-21,East
ORD1681,Cotton Bedsheet,Home,3,5437.15,2025-01-20,South
ORD1682,USB-C Cable,Electronics,5,3672.2,2025-03-24,South
ORD1683,Wireless Earbuds,Electronics,6,2644.33,2025-03-24,Central
ORD1684,Table Lamp,Home,6,1268.34,2024-10-06,East
ORD1685,Face Serum,Beauty,3,189.99,2025-01-27,North
ORD1686,Shampoo 200ml,Beauty,3,185.86,2025-03-13,Central
ORD1687,Sunglasses,Fashion,3,4002.94,2024-12-22,South
ORD1688,Leather Wallet,Fashion,4,3101.73,2024-12-30,South
ORD1689,Bluetooth Speaker,Electronics,5,5616.03,2024-11-14,Central
ORD1690,Running Shoes,Fashion,5,4719.68,2024-10-10,Central
ORD1691,Cotton T-Shirt,Fashion,3,4527.28,2024-08-23,East
ORD1692,Cricket Bat,Sports,3,739.81,2024-09-05,North
ORD1693,Sunglasses,Fashion,1,2203.46,2024-07-20,Central
ORD1694,Sunscreen SPF50,Beauty,6,4179.27,2024-07-27,North
ORD1695,USB-C Cable,Electronics,4,3062.62,2024-11-23,North
ORD1696,Storage Box,Home,2,2501.13,2024-11-30,Central
ORD1697,Smartwatch,Electronics,6,328.07,2024-07-04,West
ORD1698,Storage Box,Home,2,972.9,2024-10-12,South
ORD1699,Shampoo 200ml,Beauty,5,4753.05,2025-01-25,North
ORD1700,Cotton Bedsheet,Home,2,3854.81,2025-03-07,North
ORD1701,Wall Clock,Home,1,2731.89,2025-02-25,Central
ORD1702,Dumbbell Set,Sports,3,5675.52,2024-11-05,West
ORD1703,Denim Jacket,Fashion,1,563.05,2024-08-22,West
ORD1704,Sunglasses,Fashion,4,1578.38,2025-02-10,South
ORD1705,Wireless Earbuds,Electronics,3,3697.0,2024-09-14,South
ORD1706,Wireless Earbuds,Electronics,5,3097.63,2024-08-22,South
ORD1707,Power Bank,Electronics,6,4636.06,2025-03-25,East
ORD1708,Wireless Earbuds,Electronics,2,4912.13,2025-02-28,North
ORD1709,Yoga Mat,Sports,2,4274.16,2024-10-31,Central
ORD1710,Running Shoes,Fashion,6,368.99,2024-06-23,South
ORD1711,USB-C Cable,Electronics,2,1931.63,2024-10-08,North
ORD1712,Yoga Mat,Sports,4,416.42,2025-02-21,East
ORD1713,Face Serum,Beauty,4,3861.28,2025-01-27,Central
ORD1714,Sunscreen SPF50,Beauty,2,4593.01,2024-10-23,Central
ORD1715,Skipping Rope,Sports,4,5191.99,2024-06-06,South
ORD1716,Table Lamp,Home,3,1248.09,2024-11-07,West
ORD1717,Denim Jacket,Fashion,6,1348.85,2024-11-04,South
ORD1718,Wireless Earbuds,Electronics,4,2263.16,2024-06-24,North
ORD1719,Leather Wallet,Fashion,1,533.97,2024-10-28,North
ORD1720,Table Lamp,Home,2,2116.93,2024-11-18,West
ORD1721,Cricket Bat,Sports,2,426.85,2025-01-28,South
ORD1722,Cotton Bedsheet,Home,5,5766.57,2025-01-03,West
ORD1723,Table Lamp,Home,4,2359.97,2024-07-10,Central
ORD1724,Skipping Rope,Sports,5,3392.75,2025-03-11,West
ORD1725,Shampoo 200ml,Beauty,4,4452.97,2024-12-07,North
ORD1726,Wall Clock,Home,4,2868.61,2024-07-10,South
ORD1727,Wall Clock,Home,5,641.54,2025-03-21,South
ORD1728,Football,Sports,6,3869.79,2024-08-22,North
ORD1729,Sunglasses,Fashion,4,1465.22,2024-10-19,East
ORD1730,USB-C Cable,Electronics,3,2016.65,2025-02-12,West
ORD1731,Yoga Mat,Sports,6,4458.79,2025-01-20,South
ORD1732,Running Shoes,Fashion,5,3399.8,2024-06-16,West
ORD1733,Football,Sports,3,4408.3,2024-06-21,South
ORD1734,Smartwatch,Electronics,4,4858.42,2025-02-17,East
ORD1735,Dumbbell Set,Sports,5,770.35,2025-03-04,East
ORD1736,Storage Box,Home,6,970.22,2024-12-03,East
ORD1737,Sunglasses,Fashion,2,4638.16,2025-03-26,South
ORD1738,Face Serum,Beauty,6,3446.71,2024-10-07,North
ORD1739,Sunscreen SPF50,Beauty,5,1986.98,2025-01-02,West
ORD1740,Bluetooth Speaker,Electronics,1,4472.46,2024-07-09,East
ORD1741,Storage Box,Home,5,3991.87,2024-09-04,North
ORD1742,Cotton T-Shirt,Fashion,6,3945.95,2024-11-20,South
ORD1743,Cotton T-Shirt,Fashion,3,5631.27,2024-06-19,West
ORD1744,Skipping Rope,Sports,6,2567.1,2025-01-26,Central
ORD1745,Skipping Rope,Sports,5,5573.7,2024-08-24,South
ORD1746,Wireless Earbuds,Electronics,6,376.39,2024-08-11,North
ORD1747,Running Shoes,Fashion,5,1965.58,2024-07-05,North
ORD1748,Non-stick Pan,Home,4,768.05,2025-01-14,East
ORD1749,Hair Dryer,Beauty,6,241.4,2024-10-22,North
ORD1750,Smartwatch,Electronics,5,2651.01,2025-02-03,North
ORD1751,Football,Sports,3,5713.56,2024-08-16,West
ORD1752,Non-stick Pan,Home,3,4968.79,2025-02-10,North
ORD1753,Sunglasses,Fashion,5,2574.4,2024-07-13,North
ORD1754,Wireless Earbuds,Electronics,5,2859.64,2024-06-08,South
ORD1755,Cotton Bedsheet,Home,3,2859.98,2024-06-25,East
ORD1756,Denim Jacket,Fashion,1,2861.95,2024-08-08,East
ORD1757,Shampoo 200ml,Beauty,5,3462.82,2025-02-03,East
ORD1758,Yoga Mat,Sports,2,3888.66,2024-06-30,East
ORD1759,Wall Clock,Home,1,4846.37,2025-01-13,Central
ORD1760,Skipping Rope,Sports,5,3504.48,2024-10-12,West
ORD1761,Dumbbell Set,Sports,3,2882.63,2024-10-23,Central
ORD1762,Wireless Earbuds,Electronics,6,1271.15,2024-07-18,Central
ORD1763,Lip Balm,Beauty,2,945.01,2024-07-13,East
ORD1764,Leather Wallet,Fashion,3,716.85,2024-08-03,South
ORD1765,Lip Balm,Beauty,5,621.94,2025-01-30,North
ORD1766,Bluetooth Speaker,Electronics,3,1565.89,2025-01-22,East
ORD1767,Cotton Bedsheet,Home,3,5346.55,2025-01-27,East
ORD1768,Smartwatch,Electronics,2,2372.66,2024-11-09,North
ORD1769,Cotton Bedsheet,Home,1,577.28,2024-11-20,East
ORD1770,Wireless Earbuds,Electronics,1,3612.45,2024-06-14,South
ORD1771,Power Bank,Electronics,1,3009.48,2024-10-05,West
ORD1772,Dumbbell Set,Sports,1,4736.75,2024-12-02,South
ORD1773,Table Lamp,Home,6,1959.36,2024-08-23,West
ORD1774,Sunscreen SPF50,Beauty,6,4561.6,2024-09-11,Central
ORD1775,Denim Jacket,Fashion,3,4683.49,2024-08-01,North
ORD1776,Face Serum,Beauty,6,1979.12,2025-03-20,Central
ORD1777,Cotton T-Shirt,Fashion,6,978.76,2024-07-14,Central
ORD1778,Cotton T-Shirt,Fashion,3,1376.48,2024-11-10,Central
ORD1779,Storage Box,Home,5,894.43,2024-12-06,North
ORD1780,Yoga Mat,Sports,3,5131.36,2025-03-25,East
ORD1781,Bluetooth Speaker,Electronics,2,931.36,2024-11-25,Central
ORD1782,Sunglasses,Fashion,2,4979.04,2025-02-17,North
ORD1783,Non-stick Pan,Home,6,1152.66,2025-02-21,North
ORD1784,Running Shoes,Fashion,4,1999.49,2025-02-10,Central
ORD1785,USB-C Cable,Electronics,6,5312.74,2025-01-17,South
ORD1786,Cotton T-Shirt,Fashion,3,5485.6,2024-12-01,South
ORD1787,Leather Wallet,Fashion,4,3008.64,2024-10-08,East
ORD1788,Sunglasses,Fashion,4,1697.58,2025-03-28,South
ORD1789,Smartwatch,Electronics,4,1801.52,2024-06-28,North
ORD1790,Face Serum,Beauty,4,3474.56,2025-02-17,South
ORD1791,Lip Balm,Beauty,5,2691.18,2025-01-21,East
ORD1792,Denim Jacket,Fashion,4,2856.43,2024-09-25,Central
ORD1793,Cotton T-Shirt,Fashion,6,4856.1,2024-06-11,Central
ORD1794,Bluetooth Speaker,Electronics,1,279.51,2024-10-09,North
ORD1795,Sunscreen SPF50,Beauty,3,1631.69,2024-11-29,South
ORD1796,Football,Sports,1,691.59,2025-01-09,North
ORD1797,Skipping Rope,Sports,2,976.81,2024-10-08,West
ORD1798,Power Bank,Electronics,5,988.45,2024-08-09,East
ORD1799,Power Bank,Electronics,3,1327.56,2024-12-19,North
ORD1800,Cotton Bedsheet,Home,3,493.5,2024-09-27,Central
ORD1801,Denim Jacket,Fashion,6,3862.54,2025-02-16,Central
ORD1802,Cotton T-Shirt,Fashion,2,2840.59,2025-03-21,East
ORD1803,Cotton Bedsheet,Home,4,681.21,2025-02-11,Central
ORD1804,Sunglasses,Fashion,4,4396.57,2024-11-20,East
ORD1805,Cricket Bat,Sports,6,3795.6,2025-01-20,Central
ORD1806,Bluetooth Speaker,Electronics,4,4392.05,2024-07-26,West
ORD1807,Denim Jacket,Fashion,4,4416.68,2025-02-26,South
ORD1808,Cotton Bedsheet,Home,6,1787.18,2024-06-13,South
ORD1809,Wall Clock,Home,2,2455.71,2024-08-06,West
ORD1810,Face Serum,Beauty,4,2540.63,2024-10-17,North
ORD1811,Running Shoes,Fashion,3,4411.15,2024-12-17,East
ORD1812,Running Shoes,Fashion,1,1105.72,2024-12-11,South
ORD1813,Yoga Mat,Sports,1,5794.22,2024-11-27,North
ORD1814,Cotton Bedsheet,Home,5,4352.98,2024-08-22,North
ORD1815,Lip Balm,Beauty,6,3873.12,2025-03-28,East
ORD1816,Wall Clock,Home,6,5692.13,2025-01-13,West
ORD1817,Shampoo 200ml,Beauty,3,1217.98,2024-09-16,East
ORD1818,Denim Jacket,Fashion,2,4946.53,2025-01-20,South
ORD1819,Storage Box,Home,5,5785.83,2025-01-01,Central
ORD1820,Table Lamp,Home,3,850.21,2024-06-07,South
ORD1821,Face Serum,Beauty,4,2729.98,2024-08-24,North
ORD1822,Denim Jacket,Fashion,6,3815.85,2025-02-23,West
ORD1823,Football,Sports,3,1416.97,2025-02-10,North
ORD1824,Cotton T-Shirt,Fashion,4,1604.46,2024-06-14,East
ORD1825,Table Lamp,Home,5,3471.6,2024-09-08,North
ORD1826,Football,Sports,2,327.38,2025-03-18,East
ORD1827,Power Bank,Electronics,5,1376.12,2024-09-28,West
ORD1828,Sunscreen SPF50,Beauty,1,5897.07,2025-01-30,South
ORD1829,Running Shoes,Fashion,6,1971.34,2024-11-22,North
ORD1830,Storage Box,Home,6,5487.83,2024-12-09,Central
ORD1831,USB-C Cable,Electronics,2,2560.05,2024-06-10,North
ORD1832,Yoga Mat,Sports,4,1031.85,2024-06-15,Central
ORD1833,Face Serum,Beauty,2,5671.04,2024-08-02,Central
ORD1834,Cricket Bat,Sports,3,1202.93,2024-11-13,Central
ORD1835,Face Serum,Beauty,2,1522.28,2024-07-09,East
ORD1836,Skipping Rope,Sports,5,4371.25,2024-11-27,North
ORD1837,Lip Balm,Beauty,4,4768.93,2024-06-16,South
ORD1838,Cotton Bedsheet,Home,1,4941.45,2025-03-10,Central
ORD1839,Yoga Mat,Sports,4,5202.79,2024-10-23,North
ORD1840,Lip Balm,Beauty,1,1140.41,2024-10-22,North
ORD1841,Table Lamp,Home,1,2745.66,2025-03-07,West
ORD1842,Lip Balm,Beauty,5,4248.91,2025-02-04,East
ORD1843,Sunglasses,Fashion,3,5704.53,2024-06-03,Central
ORD1844,Sunglasses,Fashion,1,1926.42,2024-06-23,East
ORD1845,Football,Sports,2,5422.35,2024-12-18,West
ORD1846,Cricket Bat,Sports,6,2451.07,2025-01-15,South
ORD1847,Football,Sports,3,760.65,2024-08-03,East
ORD1848,Table Lamp,Home,3,4790.39,2024-09-24,Central
ORD1849,Cotton T-Shirt,Fashion,1,4139.58,2024-10-11,West
ORD1850,Table Lamp,Home,4,5278.94,2024-10-12,South
ORD1851,Sunglasses,Fashion,2,5171.14,2024-10-25,North
ORD1852,Shampoo 200ml,Beauty,4,1650.0,2024-06-18,West
ORD1853,Skipping Rope,Sports,6,5280.53,2025-01-01,Central
ORD1854,Cricket Bat,Sports,5,1990.79,2024-10-17,Central
ORD1855,Wireless Earbuds,Electronics,1,2462.46,2025-01-10,West
ORD1856,Storage Box,Home,3,5705.26,2025-02-14,West
ORD1857,Dumbbell Set,Sports,6,3537.52,2025-03-03,Central
ORD1858,Denim Jacket,Fashion,4,2915.35,2024-07-08,South
ORD1859,Sunglasses,Fashion,2,5291.07,2024-07-27,West
ORD1860,Cotton T-Shirt,Fashion,6,4069.47,2025-02-23,South
ORD1861,Denim Jacket,Fashion,4,3347.5,2024-10-17,West
ORD1862,Smartwatch,Electronics,1,2972.47,2024-09-11,West
ORD1863,Running Shoes,Fashion,5,5052.32,2024-12-09,West
ORD1864,Dumbbell Set,Sports,4,5414.62,2024-08-11,North
ORD1865,Cotton Bedsheet,Home,4,5724.05,2024-11-23,West
ORD1866,Bluetooth Speaker,Electronics,3,2427.94,2025-02-03,South
ORD1867,Bluetooth Speaker,Electronics,2,178.43,2025-03-10,East
ORD1868,Hair Dryer,Beauty,5,2191.22,2025-03-28,North
ORD1869,Denim Jacket,Fashion,2,4277.99,2024-09-01,East
ORD1870,Shampoo 200ml,Beauty,1,190.41,2025-03-04,North
ORD1871,Leather Wallet,Fashion,5,1395.22,2024-06-24,South
ORD1872,Bluetooth Speaker,Electronics,3,578.07,2024-10-04,West
ORD1873,Denim Jacket,Fashion,2,3591.59,2024-11-13,West
ORD1874,Cricket Bat,Sports,5,5356.65,2025-01-14,West
ORD1875,Power Bank,Electronics,1,2643.21,2024-06-13,West
ORD1876,Leather Wallet,Fashion,1,5014.66,2024-10-01,South
ORD1877,Face Serum,Beauty,1,4736.01,2024-07-11,West
ORD1878,Cotton T-Shirt,Fashion,2,2416.99,2025-01-11,North
ORD1879,Sunscreen SPF50,Beauty,5,5475.99,2025-01-21,West
ORD1880,Table Lamp,Home,3,5368.41,2025-02-06,East
ORD1881,Smartwatch,Electronics,3,5837.58,2025-02-12,West
ORD1882,Face Serum,Beauty,5,1023.06,2025-03-04,West
ORD1883,Running Shoes,Fashion,3,1146.49,2025-02-15,East
ORD1884,Table Lamp,Home,3,786.64,2025-02-13,Central
ORD1885,Sunscreen SPF50,Beauty,4,1362.35,2024-10-11,Central
ORD1886,Table Lamp,Home,6,1092.04,2024-09-13,South
ORD1887,Skipping Rope,Sports,5,5397.76,2024-08-21,North
ORD1888,Sunglasses,Fashion,1,233.65,2024-08-02,South
ORD1889,Table Lamp,Home,3,4352.49,2025-02-17,East
ORD1890,Leather Wallet,Fashion,4,5553.42,2025-02-03,North
ORD1891,Cotton T-Shirt,Fashion,1,4444.42,2025-01-24,West
ORD1892,Face Serum,Beauty,3,1996.56,2025-03-08,Central
ORD1893,Wall Clock,Home,1,5367.87,2024-12-23,East
ORD1894,Leather Wallet,Fashion,6,2493.93,2025-01-17,West
ORD1895,Leather Wallet,Fashion,6,2683.19,2024-12-23,East
ORD1896,Shampoo 200ml,Beauty,1,3438.51,2024-08-04,North
ORD1897,Cricket Bat,Sports,6,967.12,2025-01-10,East
ORD1898,Cotton T-Shirt,Fashion,2,563.07,2024-12-04,North
ORD1899,Sunglasses,Fashion,5,3293.13,2025-02-09,Central
ORD1900,Wall Clock,Home,5,3082.48,2024-08-13,West
ORD1901,Cotton T-Shirt,Fashion,6,1763.86,2024-08-25,North
ORD1902,Face Serum,Beauty,6,4244.01,2024-12-03,North
ORD1903,Hair Dryer,Beauty,2,3630.23,2025-03-02,West
ORD1904,Wall Clock,Home,4,4742.96,2024-10-20,North
ORD1905,Power Bank,Electronics,4,967.2,2024-12-30,West
ORD1906,Wall Clock,Home,1,1587.66,2024-07-15,East
ORD1907,Table Lamp,Home,2,670.43,2024-09-06,Central
ORD1908,Cotton Bedsheet,Home,1,5396.5,2024-07-26,North
ORD1909,Cricket Bat,Sports,6,275.5,2024-11-29,East
ORD1910,Skipping Rope,Sports,3,2157.36,2025-02-11,East
ORD1911,Denim Jacket,Fashion,6,1843.87,2024-08-18,Central
ORD1912,Face Serum,Beauty,3,587.7,2024-09-07,West
ORD1913,Football,Sports,3,2176.69,2025-02-23,South
ORD1914,Running Shoes,Fashion,4,5752.23,2025-03-07,South
ORD1915,Football,Sports,6,5563.76,2024-10-02,East
ORD1916,Leather Wallet,Fashion,4,5496.12,2025-01-08,South
ORD1917,Wall Clock,Home,6,4862.84,2024-11-29,Central
ORD1918,Lip Balm,Beauty,1,2864.26,2025-03-01,South
ORD1919,Leather Wallet,Fashion,1,4201.13,2025-03-26,North
ORD1920,Sunscreen SPF50,Beauty,3,5185.16,2024-11-04,West
ORD1921,Sunscreen SPF50,Beauty,5,1296.17,2025-03-02,East
ORD1922,Storage Box,Home,5,5181.03,2024-07-30,West
ORD1923,Football,Sports,2,2689.53,2025-03-17,Central
ORD1924,Wireless Earbuds,Electronics,1,917.03,2025-02-09,North
ORD1925,Yoga Mat,Sports,6,4751.76,2024-11-08,South
ORD1926,Bluetooth Speaker,Electronics,5,5737.38,2025-01-19,South
ORD1927,Bluetooth Speaker,Electronics,1,4688.7,2024-12-05,North
ORD1928,Yoga Mat,Sports,6,1752.99,2024-11-28,West
ORD1929,Non-stick Pan,Home,6,1733.37,2024-09-02,South
ORD1930,Wireless Earbuds,Electronics,4,2119.0,2024-12-26,South
ORD1931,Wall Clock,Home,2,5914.66,2024-11-28,North
ORD1932,Dumbbell Set,Sports,3,1253.37,2024-08-07,West
ORD1933,Non-stick Pan,Home,2,4090.54,2024-07-17,East
ORD1934,Bluetooth Speaker,Electronics,1,3912.75,2024-11-08,East
ORD1935,Skipping Rope,Sports,3,533.44,2024-10-19,South
ORD1936,Bluetooth Speaker,Electronics,3,3245.93,2024-09-06,East
ORD1937,Power Bank,Electronics,3,2309.07,2024-09-17,South
ORD1938,Wall Clock,Home,1,5151.57,2025-03-17,Central
ORD1939,Face Serum,Beauty,2,1700.24,2024-06-03,East
ORD1940,Table Lamp,Home,1,5457.7,2024-06-07,West
ORD1941,Face Serum,Beauty,6,3409.98,2024-09-29,East
ORD1942,Cotton Bedsheet,Home,4,2927.08,2024-09-21,West
ORD1943,Lip Balm,Beauty,3,1654.94,2024-12-21,North
ORD1944,Sunscreen SPF50,Beauty,4,2238.26,2024-09-24,East
ORD1945,Cotton T-Shirt,Fashion,5,5571.5,2024-10-26,West
ORD1946,Bluetooth Speaker,Electronics,4,2526.78,2024-07-25,East
ORD1947,Wall Clock,Home,2,4822.03,2025-03-23,South
ORD1948,Cricket Bat,Sports,2,2856.63,2024-06-27,South
ORD1949,Smartwatch,Electronics,1,5612.36,2024-07-21,South
ORD1950,Denim Jacket,Fashion,6,1609.93,2024-06-26,West
ORD1951,Storage Box,Home,5,5149.87,2025-03-04,Central
ORD1952,Sunglasses,Fashion,2,5366.09,2025-01-15,West
ORD1953,Cotton Bedsheet,Home,6,5324.71,2025-03-17,North
ORD1954,Wall Clock,Home,5,5207.62,2024-09-22,West
ORD1955,USB-C Cable,Electronics,1,1016.02,2025-01-13,East
ORD1956,Dumbbell Set,Sports,5,4226.38,2024-12-03,East
ORD1957,Face Serum,Beauty,3,4841.94,2024-07-14,North
ORD1958,Sunscreen SPF50,Beauty,2,346.54,2024-12-18,East
ORD1959,Yoga Mat,Sports,1,172.55,2024-10-20,East
ORD1960,Storage Box,Home,3,5277.83,2024-12-18,East
ORD1961,Cotton T-Shirt,Fashion,2,4968.72,2025-03-16,West
ORD1962,Yoga Mat,Sports,3,1012.02,2024-06-04,North
ORD1963,Sunscreen SPF50,Beauty,2,5531.11,2025-01-13,West
ORD1964,Dumbbell Set,Sports,3,1069.68,2025-02-16,North
ORD1965,Football,Sports,5,2019.7,2025-02-02,North
ORD1966,USB-C Cable,Electronics,2,1251.88,2024-12-08,South
ORD1967,Wireless Earbuds,Electronics,1,3589.81,2024-07-01,West
ORD1968,Cotton Bedsheet,Home,3,3159.7,2025-01-04,West
ORD1969,Lip Balm,Beauty,3,2504.55,2025-03-10,West
ORD1970,Power Bank,Electronics,2,3383.53,2024-11-06,West
ORD1971,Bluetooth Speaker,Electronics,3,1754.17,2025-01-02,South
ORD1972,Cotton Bedsheet,Home,6,1829.2,2024-12-11,East
ORD1973,Hair Dryer,Beauty,3,5638.91,2024-07-04,East
ORD1974,Leather Wallet,Fashion,6,1324.07,2024-08-01,West
ORD1975,Leather Wallet,Fashion,2,1984.46,2024-07-05,Central
ORD1976,Running Shoes,Fashion,6,5082.31,2025-02-11,West
ORD1977,Football,Sports,3,4266.27,2025-03-17,East
ORD1978,Football,Sports,3,4766.05,2024-06-07,North
ORD1979,Cotton Bedsheet,Home,4,4502.14,2024-08-18,South
ORD1980,Football,Sports,6,1741.48,2024-10-10,South
ORD1981,Wireless Earbuds,Electronics,5,1084.57,2024-08-05,East
ORD1982,Smartwatch,Electronics,3,2215.79,2025-03-28,East
ORD1983,Storage Box,Home,6,913.2,2025-02-04,West
ORD1984,Face Serum,Beauty,3,560.01,2024-08-13,West
ORD1985,Denim Jacket,Fashion,1,1231.58,2025-01-28,North
ORD1986,Yoga Mat,Sports,2,4771.94,2024-08-19,South
ORD1987,Skipping Rope,Sports,2,862.88,2024-09-11,East
ORD1988,Non-stick Pan,Home,6,1262.63,2024-08-18,South
ORD1989,Cricket Bat,Sports,1,658.65,2024-11-04,Central
ORD1990,Sunscreen SPF50,Beauty,5,1672.75,2025-01-22,West
ORD1991,Cricket Bat,Sports,2,3680.23,2025-03-07,West
ORD1992,Dumbbell Set,Sports,6,5992.52,2024-10-29,West
ORD1993,Shampoo 200ml,Beauty,6,3798.66,2024-06-26,West
ORD1994,Dumbbell Set,Sports,3,1925.17,2025-01-07,West
ORD1995,Hair Dryer,Beauty,3,4173.82,2024-09-22,West
ORD1996,USB-C Cable,Electronics,6,1959.39,2025-02-21,West
ORD1997,Dumbbell Set,Sports,6,4498.91,2024-06-09,Central
ORD1998,Cotton T-Shirt,Fashion,5,1207.49,2025-01-05,South
ORD1999,Football,Sports,2,2355.47,2025-03-17,South
ORD2000,Cotton Bedsheet,Home,3,2770.37,2024-08-21,West
ORD2001,Non-stick Pan,Home,6,4993.27,2024-12-29,Central
ORD2002,Dumbbell Set,Sports,4,5771.52,2024-10-17,West
ORD2003,Cotton Bedsheet,Home,6,4127.63,2024-10-08,East
ORD2004,Shampoo 200ml,Beauty,4,766.33,2024-11-28,North
ORD2005,Sunglasses,Fashion,6,4500.33,2024-07-15,Central
ORD2006,Power Bank,Electronics,5,2465.76,2025-02-13,Central
ORD2007,Hair Dryer,Beauty,6,3202.4,2025-01-28,Central
ORD2008,Non-stick Pan,Home,3,3683.81,2024-10-09,North
ORD2009,Wall Clock,Home,3,637.8,2025-01-05,Central
ORD2010,Leather Wallet,Fashion,1,1492.86,2024-11-01,East
ORD2011,USB-C Cable,Electronics,5,1482.97,2024-09-29,North
ORD2012,Dumbbell Set,Sports,5,311.81,2024-12-20,Central
ORD2013,Non-stick Pan,Home,4,2611.84,2024-07-05,South
ORD2014,Storage Box,Home,4,3674.44,2024-10-05,Central
ORD2015,Yoga Mat,Sports,1,4688.99,2024-08-20,South
ORD2016,Wireless Earbuds,Electronics,4,1408.11,2025-02-12,East
ORD2017,Table Lamp,Home,1,3819.02,2024-10-02,Central
ORD2018,Smartwatch,Electronics,2,1415.06,2024-09-08,South
ORD2019,Sunscreen SPF50,Beauty,6,539.42,2024-06-03,Central
ORD2020,Dumbbell Set,Sports,1,1132.58,2024-06-24,South
ORD2021,Table Lamp,Home,5,3629.61,2025-01-05,West
ORD2022,Table Lamp,Home,1,1220.15,2024-11-26,Central
ORD2023,Bluetooth Speaker,Electronics,1,4029.06,2025-01-20,West
ORD2024,Leather Wallet,Fashion,5,4230.3,2024-06-08,North
ORD2025,Wireless Earbuds,Electronics,6,3553.73,2024-07-11,West
ORD2026,Lip Balm,Beauty,2,4951.85,2024-08-29,East
ORD2027,Sunglasses,Fashion,2,1654.5,2024-09-20,Central
ORD2028,Face Serum,Beauty,3,5491.9,2024-11-08,East
ORD2029,Lip Balm,Beauty,4,3770.02,2024-07-29,West
ORD2030,USB-C Cable,Electronics,4,213.15,2025-02-03,South
ORD2031,Dumbbell Set,Sports,1,5086.03,2024-06-28,North
ORD2032,Dumbbell Set,Sports,6,5948.89,2025-02-22,North
ORD2033,Dumbbell Set,Sports,3,3818.53,2025-03-18,North
ORD2034,Cotton Bedsheet,Home,2,812.55,2024-06-07,North
ORD2035,Sunglasses,Fashion,6,1405.97,2024-10-14,North
ORD2036,Dumbbell Set,Sports,2,4146.96,2024-11-27,South
ORD2037,Shampoo 200ml,Beauty,2,2261.53,2024-06-22,South
ORD2038,Bluetooth Speaker,Electronics,1,727.56,2025-01-26,Central
ORD2039,Cotton T-Shirt,Fashion,2,3245.42,2024-09-19,South
ORD2040,Shampoo 200ml,Beauty,6,305.45,2024-07-13,West
ORD2041,Hair Dryer,Beauty,1,810.7,2025-01-08,West
ORD2042,Football,Sports,6,943.84,2024-06-04,South
ORD2043,Running Shoes,Fashion,3,1254.49,2024-12-21,East
ORD2044,Storage Box,Home,4,1518.09,2024-06-09,South
ORD2045,Table Lamp,Home,5,3504.23,2024-07-13,West
ORD2046,Denim Jacket,Fashion,6,5164.21,2024-10-23,North
ORD2047,Denim Jacket,Fashion,1,3708.76,2024-10-22,North
ORD2048,Smartwatch,Electronics,1,2767.05,2024-11-11,North
ORD2049,Cricket Bat,Sports,5,2021.47,2025-03-08,East
ORD2050,Shampoo 200ml,Beauty,4,514.37,2025-02-10,Central
ORD2051,Leather Wallet,Fashion,4,3718.33,2024-06-26,North
ORD2052,Dumbbell Set,Sports,1,3954.91,2024-12-19,East
ORD2053,Running Shoes,Fashion,3,5612.52,2024-09-27,East
ORD2054,Running Shoes,Fashion,1,3060.67,2024-08-23,West
ORD2055,Storage Box,Home,6,3630.42,2025-01-13,South
ORD2056,Wall Clock,Home,2,3453.54,2024-07-31,Central
ORD2057,Cotton Bedsheet,Home,1,2261.89,2024-07-17,South
ORD2058,Bluetooth Speaker,Electronics,3,311.98,2024-09-09,West
ORD2059,Yoga Mat,Sports,1,5331.9,2024-06-21,East
ORD2060,Bluetooth Speaker,Electronics,3,392.53,2024-11-09,North
ORD2061,Power Bank,Electronics,6,4322.55,2024-10-18,West
ORD2062,Wireless Earbuds,Electronics,4,436.79,2024-12-19,East
ORD2063,Cricket Bat,Sports,4,3465.43,2025-02-17,Central
ORD2064,Sunscreen SPF50,Beauty,6,3995.58,2024-08-23,East
ORD2065,Power Bank,Electronics,6,4012.43,2024-06-13,East
ORD2066,Sunglasses,Fashion,6,619.46,2024-10-05,Central
ORD2067,Yoga Mat,Sports,5,515.28,2024-08-03,North
ORD2068,Cotton T-Shirt,Fashion,6,2530.22,2024-12-23,West
ORD2069,Shampoo 200ml,Beauty,1,3569.16,2024-11-21,South
ORD2070,Sunglasses,Fashion,4,4466.09,2024-07-20,West
ORD2071,USB-C Cable,Electronics,2,4772.37,2025-01-17,West
ORD2072,Cotton T-Shirt,Fashion,1,5602.12,2025-02-03,West
ORD2073,Bluetooth Speaker,Electronics,2,4043.06,2025-03-12,North
ORD2074,Cotton T-Shirt,Fashion,2,1936.2,2025-02-14,South
ORD2075,Shampoo 200ml,Beauty,6,945.51,2024-09-06,South
ORD2076,USB-C Cable,Electronics,3,3871.25,2024-09-02,Central
ORD2077,Sunglasses,Fashion,5,3400.43,2024-09-29,East
ORD2078,Football,Sports,2,5874.05,2024-08-27,Central
ORD2079,Dumbbell Set,Sports,2,3827.43,2024-11-21,West
ORD2080,Bluetooth Speaker,Electronics,6,5421.68,2024-06-16,Central
ORD2081,Wall Clock,Home,5,2495.17,2025-01-03,South
ORD2082,Skipping Rope,Sports,3,4629.88,2024-10-25,Central
ORD2083,Cotton T-Shirt,Fashion,2,4112.38,2024-10-06,Central
ORD2084,Dumbbell Set,Sports,3,4378.59,2024-12-19,East
ORD2085,Cotton Bedsheet,Home,5,603.03,2025-03-11,West
ORD2086,Shampoo 200ml,Beauty,2,4765.85,2024-08-19,West
ORD2087,Non-stick Pan,Home,2,5008.05,2024-11-07,North
ORD2088,Sunscreen SPF50,Beauty,1,5134.78,2024-12-28,West
ORD2089,Cotton Bedsheet,Home,3,4710.33,2024-07-30,East
ORD2090,Table Lamp,Home,3,2480.39,2024-09-09,East
ORD2091,Denim Jacket,Fashion,4,1388.92,2024-08-27,Central
ORD2092,Football,Sports,2,5338.33,2024-09-08,East
ORD2093,Face Serum,Beauty,3,1764.24,2024-12-04,East
ORD2094,Smartwatch,Electronics,2,1734.74,2024-10-27,South
ORD2095,Wireless Earbuds,Electronics,1,2883.05,2024-10-14,Central
ORD2096,Cotton T-Shirt,Fashion,5,2094.83,2024-10-26,South
ORD2097,USB-C Cable,Electronics,5,4353.77,2024-08-31,East
ORD2098,Sunscreen SPF50,Beauty,5,791.51,2024-12-05,North
ORD2099,Wall Clock,Home,1,869.65,2024-12-26,East
ORD2100,Hair Dryer,Beauty,2,5427.14,2024-12-16,East
ORD2101,Wall Clock,Home,5,5288.89,2025-01-13,South
ORD2102,Leather Wallet,Fashion,6,1345.14,2024-09-18,Central
ORD2103,Skipping Rope,Sports,4,2341.74,2025-03-19,North
ORD2104,Denim Jacket,Fashion,1,507.76,2024-11-09,North
ORD2105,Cotton T-Shirt,Fashion,6,590.47,2025-02-26,South
ORD2106,Leather Wallet,Fashion,5,1187.92,2024-09-29,North
ORD2107,Leather Wallet,Fashion,5,1153.37,2024-11-14,South
ORD2108,Wireless Earbuds,Electronics,6,3093.56,2024-08-11,East
ORD2109,Lip Balm,Beauty,2,4495.3,2025-03-01,West
ORD2110,Non-stick Pan,Home,2,4506.95,2024-07-07,East
ORD2111,Face Serum,Beauty,4,2611.2,2024-12-17,North
ORD2112,Power Bank,Electronics,5,3815.94,2024-10-03,West
ORD2113,Sunglasses,Fashion,1,5303.57,2024-08-15,North
ORD2114,Football,Sports,5,5741.15,2024-06-19,West
ORD2115,Running Shoes,Fashion,4,603.53,2024-10-15,West
ORD2116,Smartwatch,Electronics,5,202.58,2024-07-26,South
ORD2117,Running Shoes,Fashion,2,4403.81,2024-09-06,North
ORD2118,Face Serum,Beauty,1,5472.18,2024-06-27,South
ORD2119,Sunscreen SPF50,Beauty,5,5580.88,2025-03-05,West
ORD2120,Dumbbell Set,Sports,6,931.94,2024-08-28,North
ORD2121,Football,Sports,1,1696.0,2025-03-08,East
ORD2122,Non-stick Pan,Home,1,5125.23,2024-12-20,West
ORD2123,Skipping Rope,Sports,6,4551.84,2025-01-18,Central
ORD2124,Denim Jacket,Fashion,1,5598.9,2024-07-05,East
ORD2125,Smartwatch,Electronics,3,948.03,2024-12-18,North
ORD2126,Sunscreen SPF50,Beauty,4,1142.04,2025-03-01,West
ORD2127,Smartwatch,Electronics,5,2304.05,2025-02-21,East
ORD2128,Skipping Rope,Sports,3,2823.2,2024-11-13,West
ORD2129,Sunscreen SPF50,Beauty,4,4258.62,2025-02-13,South
ORD2130,Dumbbell Set,Sports,1,2139.08,2025-02-11,West
ORD2131,Football,Sports,6,4951.65,2025-03-01,South
ORD2132,Shampoo 200ml,Beauty,4,242.83,2024-11-07,North
ORD2133,Smartwatch,Electronics,5,1427.75,2024-10-18,Central
ORD2134,Smartwatch,Electronics,1,4665.5,2024-09-26,Central
ORD2135,Bluetooth Speaker,Electronics,3,5842.54,2025-01-09,North
ORD2136,Wall Clock,Home,3,4639.87,2024-12-27,Central
ORD2137,Shampoo 200ml,Beauty,6,238.21,2025-01-01,South
ORD2138,Cotton T-Shirt,Fashion,6,2887.82,2024-12-19,North
ORD2139,Lip Balm,Beauty,1,4813.61,2024-07-15,North
ORD2140,USB-C Cable,Electronics,3,907.75,2024-08-24,South
ORD2141,Lip Balm,Beauty,6,1821.42,2024-07-24,Central
ORD2142,Bluetooth Speaker,Electronics,3,2169.61,2024-10-29,North
ORD2143,Cricket Bat,Sports,5,3854.23,2024-11-12,West
ORD2144,Denim Jacket,Fashion,3,1071.24,2024-10-20,South
ORD2145,Shampoo 200ml,Beauty,6,5679.5,2024-11-17,North
ORD2146,Shampoo 200ml,Beauty,6,5570.24,2024-11-13,West
ORD2147,Storage Box,Home,3,3426.77,2024-11-28,South
ORD2148,Running Shoes,Fashion,2,1147.62,2024-11-17,Central
ORD2149,Leather Wallet,Fashion,4,4789.69,2024-06-27,North
ORD2150,Lip Balm,Beauty,2,5134.79,2025-02-01,Central
ORD2151,Wall Clock,Home,3,3441.26,2025-01-06,East
ORD2152,Cotton Bedsheet,Home,5,2474.84,2024-10-09,Central
ORD2153,Skipping Rope,Sports,1,981.92,2024-09-23,Central
ORD2154,Cotton T-Shirt,Fashion,1,2710.29,2024-07-01,Central
ORD2155,Running Shoes,Fashion,3,3486.55,2024-07-13,South
ORD2156,Denim Jacket,Fashion,4,3450.76,2024-11-11,West
ORD2157,Denim Jacket,Fashion,6,3328.64,2024-07-06,South
ORD2158,Football,Sports,4,4276.78,2024-11-18,South
ORD2159,Cricket Bat,Sports,4,561.39,2024-08-06,West
ORD2160,Table Lamp,Home,3,498.37,2024-11-29,South
ORD2161,Power Bank,Electronics,2,1346.28,2024-12-26,North
ORD2162,USB-C Cable,Electronics,5,3064.35,2025-02-09,South
ORD2163,Sunscreen SPF50,Beauty,5,1200.41,2024-12-13,East
ORD2164,Dumbbell Set,Sports,6,1428.3,2025-02-15,North
ORD2165,Running Shoes,Fashion,6,5733.52,2024-07-04,West
ORD2166,Power Bank,Electronics,1,5955.44,2024-09-12,South
ORD2167,USB-C Cable,Electronics,3,1857.47,2024-07-15,Central
ORD2168,Denim Jacket,Fashion,4,3968.25,2025-01-07,North
ORD2169,Table Lamp,Home,6,3688.62,2024-09-10,North
ORD2170,Storage Box,Home,5,3310.68,2024-08-21,North
ORD2171,USB-C Cable,Electronics,2,5589.33,2025-02-04,West
ORD2172,Shampoo 200ml,Beauty,4,2811.28,2024-12-31,East
ORD2173,Shampoo 200ml,Beauty,3,2238.92,2024-10-31,East
ORD2174,Yoga Mat,Sports,2,1613.64,2025-02-14,North
ORD2175,Cricket Bat,Sports,6,1613.19,2024-12-01,North
ORD2176,Wireless Earbuds,Electronics,2,2383.64,2024-09-13,Central
ORD2177,Cotton T-Shirt,Fashion,2,1524.98,2024-06-26,Central
ORD2178,Dumbbell Set,Sports,2,4193.21,2024-09-05,North
ORD2179,Non-stick Pan,Home,6,4509.46,2024-07-06,East
ORD2180,Cricket Bat,Sports,3,4518.26,2024-06-15,West
ORD2181,Bluetooth Speaker,Electronics,4,1614.83,2025-01-08,South
ORD2182,Face Serum,Beauty,4,2724.1,2024-07-25,East
ORD2183,Smartwatch,Electronics,3,4917.55,2025-01-31,West
ORD2184,Table Lamp,Home,4,5761.22,2025-03-15,South
ORD2185,Denim Jacket,Fashion,4,4228.99,2025-03-24,West
ORD2186,Table Lamp,Home,2,3561.32,2024-06-28,West
ORD2187,Cricket Bat,Sports,4,5521.63,2024-11-24,South
ORD2188,Bluetooth Speaker,Electronics,2,4482.08,2024-12-02,Central
ORD2189,Dumbbell Set,Sports,4,2853.27,2024-07-28,South
ORD2190,Sunglasses,Fashion,2,3291.53,2025-02-27,Central
ORD2191,Yoga Mat,Sports,5,4068.9,2024-11-01,Central
ORD2192,Running Shoes,Fashion,4,4120.39,2024-11-18,Central
ORD2193,Yoga Mat,Sports,6,4285.18,2025-03-26,East
ORD2194,Leather Wallet,Fashion,6,5998.67,2024-10-31,West
ORD2195,Cotton T-Shirt,Fashion,2,1543.8,2025-03-27,North
ORD2196,Smartwatch,Electronics,1,5815.93,2024-08-26,East
ORD2197,Wall Clock,Home,4,3048.76,2024-12-05,East
ORD2198,Leather Wallet,Fashion,1,4756.66,2025-02-13,Central
ORD2199,Shampoo 200ml,Beauty,5,4171.84,2024-06-24,North
ORD2200,Leather Wallet,Fashion,4,5642.48,2024-09-25,West
ORD2201,Sunscreen SPF50,Beauty,6,5725.37,2024-06-23,South
ORD2202,Yoga Mat,Sports,1,4815.12,2024-11-06,North
ORD2203,Shampoo 200ml,Beauty,6,339.84,2025-02-09,South
ORD2204,Leather Wallet,Fashion,1,4086.59,2024-07-25,West
ORD2205,Bluetooth Speaker,Electronics,6,1893.73,2025-02-05,Central
ORD2206,Dumbbell Set,Sports,6,4512.67,2024-12-15,East
ORD2207,Leather Wallet,Fashion,3,5081.74,2025-02-05,East
ORD2208,Denim Jacket,Fashion,6,3091.6,2024-09-12,South
ORD2209,Football,Sports,4,4170.51,2025-02-13,East
ORD2210,Smartwatch,Electronics,6,455.54,2024-12-18,Central
ORD2211,Yoga Mat,Sports,3,2247.66,2025-01-26,North
ORD2212,Cotton T-Shirt,Fashion,4,4112.46,2024-07-12,West
ORD2213,Hair Dryer,Beauty,5,5365.2,2024-06-23,Central
ORD2214,Storage Box,Home,6,1548.05,2024-10-07,West
ORD2215,Smartwatch,Electronics,5,5313.26,2024-11-08,North
ORD2216,Face Serum,Beauty,1,1431.64,2025-03-28,East
ORD2217,Sunscreen SPF50,Beauty,2,920.44,2024-12-08,North
ORD2218,Dumbbell Set,Sports,3,2460.32,2024-12-24,North
ORD2219,Dumbbell Set,Sports,1,5700.45,2025-01-06,Central
ORD2220,Lip Balm,Beauty,5,5061.11,2024-12-16,Central
ORD2221,Hair Dryer,Beauty,3,3224.73,2025-03-20,Central
ORD2222,Football,Sports,6,1309.45,2025-03-20,West
ORD2223,Table Lamp,Home,3,1097.91,2024-06-27,East
ORD2224,Storage Box,Home,5,5269.06,2024-09-02,South
ORD2225,Sunglasses,Fashion,6,609.7,2024-10-07,South
ORD2226,Table Lamp,Home,1,934.74,2024-10-23,West
ORD2227,Yoga Mat,Sports,1,3003.97,2024-09-13,North
ORD2228,Yoga Mat,Sports,5,4979.15,2025-01-04,South
ORD2229,Face Serum,Beauty,5,2272.5,2024-11-25,South
ORD2230,Face Serum,Beauty,4,4760.48,2024-08-28,South
ORD2231,Power Bank,Electronics,2,2187.54,2025-01-27,South
ORD2232,Leather Wallet,Fashion,4,2336.22,2024-10-27,South
ORD2233,Skipping Rope,Sports,3,4832.27,2024-06-01,East
ORD2234,Wireless Earbuds,Electronics,2,5152.6,2024-08-21,West
ORD2235,Table Lamp,Home,2,4551.52,2024-11-05,Central
ORD2236,Storage Box,Home,3,5209.51,2024-12-13,South
ORD2237,Denim Jacket,Fashion,6,4389.07,2024-11-22,West
ORD2238,Wireless Earbuds,Electronics,5,3161.88,2024-08-17,North
ORD2239,Wall Clock,Home,1,4167.38,2025-01-06,Central
ORD2240,Sunglasses,Fashion,6,5912.06,2024-08-11,North
ORD2241,Cricket Bat,Sports,2,5523.1,2024-07-03,North
ORD2242,Bluetooth Speaker,Electronics,5,4608.34,2025-01-25,West
ORD2243,Yoga Mat,Sports,2,3879.66,2025-01-04,West
ORD2244,Sunscreen SPF50,Beauty,4,3957.95,2024-11-03,West
ORD2245,Wall Clock,Home,1,3952.76,2024-08-21,West
ORD2246,Sunglasses,Fashion,5,1787.3,2024-06-06,South
ORD2247,Storage Box,Home,5,438.1,2024-08-28,Central
ORD2248,Running Shoes,Fashion,2,3019.82,2024-09-20,East
ORD2249,Table Lamp,Home,6,1325.08,2024-10-07,East
ORD2250,Storage Box,Home,6,2080.63,2025-01-18,North
ORD2251,Cricket Bat,Sports,1,4907.76,2024-10-06,North
ORD2252,Leather Wallet,Fashion,5,2810.43,2024-07-02,West
ORD2253,Bluetooth Speaker,Electronics,6,5170.02,2024-12-21,East
ORD2254,Non-stick Pan,Home,5,1858.84,2025-03-05,Central
ORD2255,USB-C Cable,Electronics,3,1085.85,2025-02-14,South
ORD2256,Skipping Rope,Sports,2,5469.54,2024-07-08,East
ORD2257,Smartwatch,Electronics,5,2880.81,2025-02-10,West
ORD2258,Sunglasses,Fashion,1,1589.64,2024-07-14,West
ORD2259,Leather Wallet,Fashion,4,5059.0,2024-08-10,Central
ORD2260,Cotton Bedsheet,Home,6,5688.09,2024-12-16,North
ORD2261,Cricket Bat,Sports,6,1723.03,2025-03-16,North
ORD2262,Wall Clock,Home,3,3437.11,2024-10-13,Central
ORD2263,Denim Jacket,Fashion,6,5136.87,2024-10-10,East
ORD2264,Shampoo 200ml,Beauty,4,5201.13,2024-07-10,South
ORD2265,Skipping Rope,Sports,4,2158.08,2024-11-22,North
ORD2266,USB-C Cable,Electronics,1,4230.02,2024-11-25,West
ORD2267,Hair Dryer,Beauty,2,978.64,2024-09-15,Central
ORD2268,Sunglasses,Fashion,2,2394.2,2024-06-08,North
ORD2269,Cricket Bat,Sports,1,1052.27,2025-01-22,North
ORD2270,Shampoo 200ml,Beauty,1,3437.24,2024-11-15,South
ORD2271,Face Serum,Beauty,6,3256.66,2025-03-01,North
ORD2272,Sunscreen SPF50,Beauty,1,4063.31,2024-06-15,South
ORD2273,Wall Clock,Home,5,736.16,2024-07-05,South
ORD2274,USB-C Cable,Electronics,5,2647.5,2025-01-31,West
ORD2275,Storage Box,Home,2,5673.91,2024-09-11,West
ORD2276,Non-stick Pan,Home,3,3094.23,2024-12-10,East
ORD2277,Shampoo 200ml,Beauty,1,2841.0,2024-07-22,Central
ORD2278,Smartwatch,Electronics,4,4007.21,2024-11-14,West
ORD2279,Denim Jacket,Fashion,5,2537.02,2025-01-31,North
ORD2280,Cotton T-Shirt,Fashion,4,4939.4,2024-09-12,Central
ORD2281,Table Lamp,Home,4,1619.86,2024-06-03,Central
ORD2282,Cotton T-Shirt,Fashion,4,5381.45,2025-02-28,West
ORD2283,Table Lamp,Home,3,3177.28,2025-02-13,West
ORD2284,Yoga Mat,Sports,1,5121.53,2024-11-17,South
ORD2285,Bluetooth Speaker,Electronics,5,4834.7,2025-01-03,West
ORD2286,Non-stick Pan,Home,3,5908.97,2025-02-16,North
ORD2287,USB-C Cable,Electronics,3,3166.73,2024-11-04,North
ORD2288,Smartwatch,Electronics,4,864.58,2024-11-09,Central
ORD2289,Face Serum,Beauty,1,299.62,2025-03-24,North
ORD2290,Power Bank,Electronics,2,3186.46,2024-11-11,East
ORD2291,Shampoo 200ml,Beauty,6,1505.99,2024-11-06,West
ORD2292,Denim Jacket,Fashion,4,4556.44,2024-09-27,Central
ORD2293,USB-C Cable,Electronics,5,1766.32,2024-09-16,North
ORD2294,Skipping Rope,Sports,3,5685.95,2024-12-11,West
ORD2295,USB-C Cable,Electronics,2,989.19,2024-09-11,North
ORD2296,Cotton T-Shirt,Fashion,2,5605.21,2025-03-05,East
ORD2297,Non-stick Pan,Home,6,546.42,2024-07-15,Central
ORD2298,Bluetooth Speaker,Electronics,3,3666.81,2024-06-08,Central
ORD2299,Denim Jacket,Fashion,6,3527.86,2024-07-03,South
ORD2300,Sunglasses,Fashion,4,3785.47,2024-06-19,South
ORD2301,Cotton Bedsheet,Home,5,3322.11,2025-01-16,West
ORD2302,Shampoo 200ml,Beauty,4,362.2,2024-12-16,South
ORD2303,Skipping Rope,Sports,3,5393.2,2024-07-07,South
ORD2304,Running Shoes,Fashion,6,1392.85,2025-01-27,Central
ORD2305,Wall Clock,Home,4,1827.61,2024-09-08,North
ORD2306,Yoga Mat,Sports,5,1299.83,2024-10-01,South
ORD2307,Dumbbell Set,Sports,6,3797.38,2025-01-16,North
ORD2308,Storage Box,Home,4,1567.78,2024-08-25,North
ORD2309,Face Serum,Beauty,3,5610.42,2025-03-14,North
ORD2310,Cricket Bat,Sports,1,1451.4,2024-07-24,North
ORD2311,Hair Dryer,Beauty,4,480.41,2025-01-11,West
ORD2312,Shampoo 200ml,Beauty,4,568.13,2024-08-09,Central
ORD2313,Skipping Rope,Sports,2,4614.95,2024-09-25,North
ORD2314,Wall Clock,Home,4,2019.6,2025-01-11,East
ORD2315,Smartwatch,Electronics,5,3801.84,2024-09-04,South
ORD2316,Bluetooth Speaker,Electronics,4,225.81,2025-01-11,West
ORD2317,Football,Sports,1,3628.61,2024-08-26,East
ORD2318,Football,Sports,6,5583.57,2024-12-11,East
ORD2319,Leather Wallet,Fashion,1,1257.66,2024-12-25,East
ORD2320,Football,Sports,4,5695.95,2024-12-04,North
ORD2321,Cotton T-Shirt,Fashion,2,2797.75,2024-08-30,East
ORD2322,Lip Balm,Beauty,3,4115.85,2025-02-21,Central
ORD2323,Non-stick Pan,Home,2,4363.76,2025-03-21,North
ORD2324,USB-C Cable,Electronics,3,5697.43,2024-07-23,North
ORD2325,Leather Wallet,Fashion,4,5374.96,2024-09-27,Central
ORD2326,Running Shoes,Fashion,3,2840.69,2024-10-25,West
ORD2327,Face Serum,Beauty,6,2304.38,2024-12-29,Central
ORD2328,USB-C Cable,Electronics,5,1333.3,2024-09-16,North
ORD2329,Dumbbell Set,Sports,3,2688.42,2024-07-01,South
ORD2330,Lip Balm,Beauty,5,5725.47,2024-06-27,South
ORD2331,Cotton T-Shirt,Fashion,4,1336.09,2024-10-02,South
ORD2332,Skipping Rope,Sports,2,1578.63,2024-12-02,South
ORD2333,Cotton T-Shirt,Fashion,4,463.54,2024-07-10,East
ORD2334,Leather Wallet,Fashion,5,5640.62,2024-08-08,West
ORD2335,Wall Clock,Home,5,194.2,2024-09-12,South
ORD2336,Denim Jacket,Fashion,4,668.74,2024-07-27,Central
ORD2337,Sunscreen SPF50,Beauty,6,5588.59,2025-02-17,West
ORD2338,Football,Sports,6,1617.98,2024-12-31,South
ORD2339,Storage Box,Home,1,1373.34,2025-03-12,East
ORD2340,Leather Wallet,Fashion,5,4580.93,2024-09-03,West
ORD2341,Yoga Mat,Sports,5,5946.63,2024-09-05,North
ORD2342,Dumbbell Set,Sports,2,4384.84,2024-10-22,North
ORD2343,Cotton Bedsheet,Home,2,3136.01,2024-06-01,West
ORD2344,Non-stick Pan,Home,2,4158.44,2024-10-07,North
ORD2345,Cricket Bat,Sports,3,2149.1,2024-10-21,North
ORD2346,Skipping Rope,Sports,2,2012.04,2025-02-27,South
ORD2347,Smartwatch,Electronics,1,449.32,2024-09-27,East
ORD2348,Sunscreen SPF50,Beauty,1,1337.7,2024-08-21,Central
ORD2349,Storage Box,Home,4,1266.09,2024-11-03,Central
ORD2350,Smartwatch,Electronics,4,3540.5,2025-03-07,West
ORD2351,Leather Wallet,Fashion,1,2645.8,2025-02-13,Central
ORD2352,Sunscreen SPF50,Beauty,1,1288.99,2024-12-05,North
ORD2353,Football,Sports,2,5125.04,2024-12-26,Central
ORD2354,Leather Wallet,Fashion,3,5768.43,2024-09-16,East
ORD2355,Shampoo 200ml,Beauty,1,4158.55,2025-02-24,Central
ORD2356,Cotton Bedsheet,Home,1,3523.23,2024-12-03,Central
ORD2357,Sunscreen SPF50,Beauty,5,3648.21,2024-10-27,West
ORD2358,Sunscreen SPF50,Beauty,4,1374.62,2024-12-21,South
ORD2359,Table Lamp,Home,5,1867.05,2024-06-22,North
ORD2360,Sunscreen SPF50,Beauty,6,2455.67,2024-08-17,Central
ORD2361,Bluetooth Speaker,Electronics,2,4250.84,2024-12-25,East
ORD2362,Yoga Mat,Sports,5,4978.42,2024-10-24,West
ORD2363,Sunglasses,Fashion,1,3845.38,2025-01-08,South
ORD2364,Denim Jacket,Fashion,6,352.23,2024-07-19,North
ORD2365,Power Bank,Electronics,4,1523.98,2024-12-10,West
ORD2366,Cotton Bedsheet,Home,5,1753.61,2024-11-10,East
ORD2367,Smartwatch,Electronics,1,3270.52,2024-11-17,West
ORD2368,Football,Sports,2,1102.62,2025-03-22,East
ORD2369,Wireless Earbuds,Electronics,6,160.72,2024-11-07,Central
ORD2370,Face Serum,Beauty,1,2388.5,2024-12-30,North
ORD2371,Bluetooth Speaker,Electronics,4,5362.41,2024-10-30,West
ORD2372,Yoga Mat,Sports,6,757.84,2024-10-13,Central
ORD2373,Denim Jacket,Fashion,5,5001.47,2024-07-25,West
ORD2374,Non-stick Pan,Home,3,574.66,2024-06-13,West
ORD2375,Shampoo 200ml,Beauty,5,3334.43,2024-11-11,West
ORD2376,Cotton Bedsheet,Home,1,2668.85,2024-06-29,South
ORD2377,Denim Jacket,Fashion,2,4678.99,2025-03-20,South
ORD2378,Cotton T-Shirt,Fashion,6,1637.33,2024-06-08,West
ORD2379,Wireless Earbuds,Electronics,6,5561.28,2025-01-24,South
ORD2380,Skipping Rope,Sports,3,290.27,2024-10-03,North
ORD2381,Running Shoes,Fashion,4,2687.27,2024-07-19,East
ORD2382,Cricket Bat,Sports,2,5591.04,2024-09-10,North
ORD2383,Face Serum,Beauty,3,2812.23,2024-11-10,East
ORD2384,Running Shoes,Fashion,2,3443.0,2025-03-10,South
ORD2385,Sunglasses,Fashion,2,1066.19,2024-09-01,Central
ORD2386,Yoga Mat,Sports,3,4748.91,2024-09-01,North
ORD2387,Skipping Rope,Sports,6,2222.16,2024-07-27,West
ORD2388,Hair Dryer,Beauty,1,853.16,2024-08-20,West
ORD2389,Football,Sports,2,2104.86,2024-06-24,East
ORD2390,Power Bank,Electronics,6,1483.64,2024-08-09,East
ORD2391,Yoga Mat,Sports,2,5341.3,2024-10-30,South
ORD2392,Bluetooth Speaker,Electronics,6,4539.85,2024-12-05,North
ORD2393,Storage Box,Home,3,3662.07,2024-08-17,South
ORD2394,Dumbbell Set,Sports,5,5767.65,2024-10-30,North
ORD2395,Storage Box,Home,6,2448.96,2024-10-10,South
ORD2396,Skipping Rope,Sports,5,1706.2,2025-03-15,East
ORD2397,Yoga Mat,Sports,2,1464.87,2024-06-14,Central
ORD2398,Lip Balm,Beauty,1,1831.77,2024-12-28,South
ORD2399,Wall Clock,Home,6,423.83,2024-11-11,North
ORD2400,Running Shoes,Fashion,3,5633.52,2025-02-17,West
ORD2401,Smartwatch,Electronics,5,312.23,2024-11-09,North
ORD2402,Dumbbell Set,Sports,2,2879.75,2024-08-27,North
ORD2403,USB-C Cable,Electronics,1,2977.32,2024-10-26,East
ORD2404,Hair Dryer,Beauty,6,1504.3,2024-07-25,North
ORD2405,Face Serum,Beauty,4,5646.98,2024-06-06,North
ORD2406,Non-stick Pan,Home,3,2457.73,2025-02-14,East
ORD2407,Football,Sports,3,4094.12,2025-02-05,South
ORD2408,Lip Balm,Beauty,3,3653.42,2024-12-25,West
ORD2409,Power Bank,Electronics,2,1431.86,2024-12-11,North
ORD2410,Leather Wallet,Fashion,3,755.69,2024-06-04,Central
ORD2411,USB-C Cable,Electronics,1,1278.82,2025-02-20,Central
ORD2412,Wall Clock,Home,6,1050.03,2024-08-07,Central
ORD2413,Cricket Bat,Sports,1,1940.9,2025-03-25,South
ORD2414,Running Shoes,Fashion,4,256.56,2024-12-20,Central
ORD2415,Leather Wallet,Fashion,4,2334.78,2025-01-07,West
ORD2416,Cricket Bat,Sports,5,5621.63,2024-09-20,North
ORD2417,Sunscreen SPF50,Beauty,4,2898.8,2024-07-06,West
ORD2418,Denim Jacket,Fashion,3,5030.23,2025-03-11,North
ORD2419,Non-stick Pan,Home,2,3001.79,2024-10-16,South
ORD2420,Skipping Rope,Sports,2,4571.82,2024-09-21,North
ORD2421,Wall Clock,Home,3,1555.93,2024-12-05,South
ORD2422,Face Serum,Beauty,5,3972.76,2024-11-25,South
ORD2423,Wall Clock,Home,5,5044.59,2024-09-30,East
ORD2424,Wireless Earbuds,Electronics,1,1635.66,2025-02-06,East
ORD2425,Lip Balm,Beauty,3,4405.96,2024-09-12,West
ORD2426,Face Serum,Beauty,3,4600.98,2024-06-21,Central
ORD2427,Shampoo 200ml,Beauty,5,546.94,2024-11-06,East
ORD2428,Lip Balm,Beauty,5,2953.76,2025-01-17,South
ORD2429,Football,Sports,1,4711.8,2024-06-17,South
ORD2430,Running Shoes,Fashion,3,2900.33,2024-12-23,Central
ORD2431,Yoga Mat,Sports,1,3185.5,2024-06-11,East
ORD2432,Power Bank,Electronics,3,2661.49,2024-10-21,South
ORD2433,Power Bank,Electronics,6,5484.66,2024-07-24,Central
ORD2434,Football,Sports,6,2805.45,2024-07-05,West
ORD2435,Skipping Rope,Sports,1,2415.15,2025-02-15,West
ORD2436,Cotton Bedsheet,Home,4,1596.4,2024-07-06,North
ORD2437,Smartwatch,Electronics,5,5175.22,2025-01-12,Central
ORD2438,Shampoo 200ml,Beauty,1,5654.2,2024-12-15,East
ORD2439,Sunscreen SPF50,Beauty,5,5016.7,2025-03-11,South
ORD2440,Yoga Mat,Sports,2,5119.55,2025-03-15,Central
ORD2441,Skipping Rope,Sports,3,5484.01,2024-08-24,East
ORD2442,Skipping Rope,Sports,1,3803.45,2024-12-25,North
ORD2443,Cricket Bat,Sports,1,4356.4,2024-11-26,Central
ORD2444,Cotton T-Shirt,Fashion,2,2871.42,2024-09-25,North
ORD2445,Denim Jacket,Fashion,4,5410.33,2024-09-13,North
ORD2446,Cricket Bat,Sports,3,3458.09,2025-02-08,North
ORD2447,Face Serum,Beauty,4,4545.55,2024-10-09,East
ORD2448,Yoga Mat,Sports,3,4535.95,2024-06-02,North
ORD2449,Smartwatch,Electronics,1,4738.41,2024-12-07,West
ORD2450,Bluetooth Speaker,Electronics,2,4679.22,2024-08-02,North
ORD2451,Lip Balm,Beauty,1,2750.52,2025-02-04,South
ORD2452,Football,Sports,5,4482.42,2024-08-30,Central
ORD2453,Cricket Bat,Sports,6,4783.37,2024-08-18,West
ORD2454,Non-stick Pan,Home,3,5970.1,2025-02-04,Central
ORD2455,Dumbbell Set,Sports,3,822.21,2025-02-01,South
ORD2456,Shampoo 200ml,Beauty,6,4970.46,2024-11-12,East
ORD2457,Lip Balm,Beauty,5,5422.82,2025-01-23,Central
ORD2458,Storage Box,Home,1,5475.01,2024-11-13,South
ORD2459,Dumbbell Set,Sports,3,3938.22,2024-06-29,West
ORD2460,Shampoo 200ml,Beauty,1,3415.73,2024-09-08,West
ORD2461,Wireless Earbuds,Electronics,4,1843.43,2024-09-23,North
ORD2462,Running Shoes,Fashion,2,2198.64,2024-07-01,North
ORD2463,Running Shoes,Fashion,2,5417.22,2024-12-27,West
ORD2464,Shampoo 200ml,Beauty,3,1013.81,2024-06-01,West
ORD2465,Bluetooth Speaker,Electronics,4,3517.57,2025-01-26,North
ORD2466,Shampoo 200ml,Beauty,2,4486.54,2024-11-14,North
ORD2467,Lip Balm,Beauty,2,5997.55,2025-01-21,South
ORD2468,Skipping Rope,Sports,1,4172.19,2024-09-16,Central
ORD2469,Yoga Mat,Sports,4,5464.42,2024-12-26,West
ORD2470,Sunscreen SPF50,Beauty,2,5111.89,2025-01-11,North
ORD2471,Non-stick Pan,Home,3,1592.46,2024-07-07,West
ORD2472,Wall Clock,Home,1,2013.62,2024-11-06,West
ORD2473,Leather Wallet,Fashion,2,2112.46,2024-06-28,East
ORD2474,Shampoo 200ml,Beauty,5,1071.81,2024-06-23,South
ORD2475,Hair Dryer,Beauty,1,2436.07,2024-07-26,East
ORD2476,Running Shoes,Fashion,6,4906.88,2024-12-19,North
ORD2477,Non-stick Pan,Home,1,4254.19,2025-01-28,South
ORD2478,Bluetooth Speaker,Electronics,2,4788.83,2024-06-29,West
ORD2479,Shampoo 200ml,Beauty,4,2524.78,2024-11-13,East
ORD2480,Smartwatch,Electronics,2,4454.92,2024-08-31,East
ORD2481,Table Lamp,Home,6,5195.24,2025-03-17,East
ORD2482,Non-stick Pan,Home,2,4252.46,2025-02-12,West
ORD2483,Power Bank,Electronics,5,4043.35,2024-12-05,Central
ORD2484,Bluetooth Speaker,Electronics,5,337.33,2024-11-18,West
ORD2485,Cotton Bedsheet,Home,1,1457.93,2025-01-14,Central
ORD2486,Football,Sports,3,2237.85,2024-12-08,South
ORD2487,Face Serum,Beauty,3,846.98,2025-01-12,North
ORD2488,Cotton T-Shirt,Fashion,4,199.13,2024-08-20,Central
ORD2489,Running Shoes,Fashion,5,2481.09,2025-02-08,East
ORD2490,Running Shoes,Fashion,2,4668.78,2024-11-23,Central
ORD2491,Skipping Rope,Sports,5,2689.01,2024-08-28,East
ORD2492,Football,Sports,5,1030.24,2024-12-22,South
ORD2493,Leather Wallet,Fashion,1,354.7,2024-09-04,East
ORD2494,Running Shoes,Fashion,3,661.25,2025-03-28,West
ORD2495,Running Shoes,Fashion,5,1324.42,2025-02-22,East
ORD2496,Cricket Bat,Sports,2,541.46,2024-08-28,West
ORD2497,Non-stick Pan,Home,3,4872.32,2024-11-19,Central
ORD2498,Wireless Earbuds,Electronics,5,5962.47,2025-01-03,South
ORD2499,Bluetooth Speaker,Electronics,3,2588.73,2024-07-16,West
ORD2500,Leather Wallet,Fashion,1,2021.09,2025-01-07,East
ORD2501,Cotton Bedsheet,Home,2,895.91,2024-10-12,West
ORD2502,USB-C Cable,Electronics,1,5884.32,2024-06-02,North
ORD2503,Sunglasses,Fashion,6,782.62,2025-03-26,West
ORD2504,USB-C Cable,Electronics,5,3281.18,2024-06-23,Central
ORD2505,Cricket Bat,Sports,2,2767.51,2024-11-02,Central
ORD2506,Bluetooth Speaker,Electronics,4,3164.66,2025-02-05,Central
ORD2507,Table Lamp,Home,6,233.1,2024-06-10,East
ORD2508,Skipping Rope,Sports,5,3706.95,2024-06-07,East
ORD2509,Yoga Mat,Sports,5,856.32,2024-06-09,South
ORD2510,Non-stick Pan,Home,6,5060.22,2024-11-22,North
ORD2511,Yoga Mat,Sports,6,4372.02,2024-06-25,East
ORD2512,Sunscreen SPF50,Beauty,3,5749.6,2025-02-21,West
ORD2513,Skipping Rope,Sports,1,3863.37,2024-07-25,South
ORD2514,Wireless Earbuds,Electronics,4,4254.68,2025-03-19,East
ORD2515,Face Serum,Beauty,2,5770.69,2024-07-09,South
ORD2516,Leather Wallet,Fashion,4,5002.34,2024-10-11,South
ORD2517,Yoga Mat,Sports,2,4278.07,2024-11-25,Central
ORD2518,Dumbbell Set,Sports,4,4697.36,2024-06-27,West
ORD2519,Sunglasses,Fashion,5,4967.97,2024-10-13,Central
ORD2520,Sunglasses,Fashion,1,5106.33,2024-12-17,North
ORD2521,Dumbbell Set,Sports,1,1581.44,2024-07-11,East
ORD2522,Lip Balm,Beauty,4,5816.42,2024-11-29,West
ORD2523,Power Bank,Electronics,4,2223.37,2025-02-18,North
ORD2524,Table Lamp,Home,3,5882.84,2024-11-24,North
ORD2525,Denim Jacket,Fashion,5,3483.39,2024-12-20,East
ORD2526,Power Bank,Electronics,3,2207.5,2025-02-26,West
ORD2527,Wall Clock,Home,3,1261.68,2024-08-06,South
ORD2528,Table Lamp,Home,4,5977.63,2024-10-17,Central
ORD2529,Shampoo 200ml,Beauty,3,700.05,2024-09-04,West
ORD2530,Bluetooth Speaker,Electronics,6,5218.48,2024-12-04,East
ORD2531,Lip Balm,Beauty,3,3332.91,2024-07-31,Central
ORD2532,Smartwatch,Electronics,5,1320.45,2024-10-04,East
ORD2533,USB-C Cable,Electronics,2,2308.61,2024-10-21,South
ORD2534,Hair Dryer,Beauty,5,2214.29,2025-03-07,Central
ORD2535,USB-C Cable,Electronics,2,238.79,2024-12-14,East
ORD2536,Hair Dryer,Beauty,2,1190.01,2024-12-30,South
ORD2537,Shampoo 200ml,Beauty,6,1104.91,2024-10-01,West
ORD2538,Dumbbell Set,Sports,1,4866.27,2025-01-27,East
ORD2539,Non-stick Pan,Home,1,3264.68,2024-11-24,East
ORD2540,Hair Dryer,Beauty,6,4707.62,2024-06-17,South
ORD2541,Wall Clock,Home,1,664.39,2025-01-19,West
ORD2542,Wireless Earbuds,Electronics,4,910.17,2024-10-30,East
ORD2543,Bluetooth Speaker,Electronics,6,2411.46,2025-03-20,East
ORD2544,Leather Wallet,Fashion,2,4695.13,2024-09-18,East
ORD2545,Smartwatch,Electronics,6,1593.24,2024-07-08,North
ORD2546,Cotton Bedsheet,Home,2,4455.34,2024-08-03,Central
ORD2547,Shampoo 200ml,Beauty,4,5161.96,2024-06-26,West
ORD2548,Shampoo 200ml,Beauty,6,1653.49,2025-02-02,South
ORD2549,Wireless Earbuds,Electronics,1,4021.92,2024-07-02,East
ORD2550,USB-C Cable,Electronics,2,3129.39,2024-10-05,West
ORD2551,Dumbbell Set,Sports,4,254.39,2024-07-14,Central
ORD2552,Shampoo 200ml,Beauty,6,2932.72,2024-11-25,South
ORD2553,Non-stick Pan,Home,2,929.52,2024-09-17,Central
ORD2554,Wall Clock,Home,2,933.5,2024-08-05,East
ORD2555,Shampoo 200ml,Beauty,4,4654.28,2025-01-20,West
ORD2556,Cotton T-Shirt,Fashion,4,4095.55,2024-06-25,South
ORD2557,USB-C Cable,Electronics,5,5281.99,2024-09-04,North
ORD2558,Smartwatch,Electronics,5,1957.72,2024-06-18,South
ORD2559,Sunscreen SPF50,Beauty,5,1497.21,2024-12-20,Central
ORD2560,Hair Dryer,Beauty,5,5258.11,2024-08-30,North
ORD2561,Leather Wallet,Fashion,3,5416.26,2025-03-28,Central
ORD2562,Non-stick Pan,Home,6,3092.37,2024-11-07,West
ORD2563,Face Serum,Beauty,4,3520.94,2024-10-04,Central
ORD2564,Wall Clock,Home,3,1561.88,2024-06-28,South
ORD2565,Cotton T-Shirt,Fashion,4,625.1,2025-01-01,West
ORD2566,Cricket Bat,Sports,4,4514.86,2025-01-14,West
ORD2567,Yoga Mat,Sports,5,5962.94,2025-03-19,Central
ORD2568,Sunscreen SPF50,Beauty,6,2573.45,2024-07-11,South
ORD2569,Cricket Bat,Sports,5,4354.08,2024-11-15,Central
ORD2570,Table Lamp,Home,1,4317.2,2024-11-19,West
ORD2571,Cotton Bedsheet,Home,6,2093.3,2024-06-27,North
ORD2572,Cricket Bat,Sports,4,1400.52,2025-02-05,Central
ORD2573,Sunscreen SPF50,Beauty,4,4096.9,2025-02-14,Central
ORD2574,Lip Balm,Beauty,3,4629.87,2025-03-16,Central
ORD2575,Shampoo 200ml,Beauty,5,652.48,2025-02-01,Central
ORD2576,Cotton Bedsheet,Home,1,407.36,2024-08-03,North
ORD2577,Wireless Earbuds,Electronics,6,1644.81,2025-02-14,West
ORD2578,Hair Dryer,Beauty,1,2461.41,2024-11-11,North
ORD2579,Leather Wallet,Fashion,3,3579.11,2024-07-26,East
ORD2580,Yoga Mat,Sports,5,4240.82,2025-01-14,North
ORD2581,USB-C Cable,Electronics,1,159.15,2024-10-14,East
ORD2582,Football,Sports,2,1746.45,2024-08-29,West
ORD2583,Sunglasses,Fashion,4,2627.7,2024-08-05,Central
ORD2584,Sunglasses,Fashion,2,5142.86,2024-11-24,North
ORD2585,Face Serum,Beauty,5,2868.78,2024-11-17,North
ORD2586,Cotton Bedsheet,Home,3,1353.18,2024-09-29,East
ORD2587,Storage Box,Home,4,2332.86,2025-01-16,West
ORD2588,Shampoo 200ml,Beauty,2,1616.54,2024-08-06,West
ORD2589,Sunglasses,Fashion,4,2037.62,2024-09-14,North
ORD2590,Smartwatch,Electronics,6,3935.28,2025-01-11,Central
ORD2591,Smartwatch,Electronics,1,2901.33,2025-01-31,North
ORD2592,Wall Clock,Home,1,5740.09,2024-12-29,North
ORD2593,Skipping Rope,Sports,1,2966.01,2024-10-14,West
ORD2594,Shampoo 200ml,Beauty,5,4613.23,2024-10-18,West
ORD2595,Table Lamp,Home,4,850.29,2024-08-27,East
ORD2596,Non-stick Pan,Home,4,2625.69,2024-10-04,North
ORD2597,Cotton Bedsheet,Home,3,4579.44,2024-12-16,Central
ORD2598,Denim Jacket,Fashion,3,2056.66,2025-01-15,West
ORD2599,Sunscreen SPF50,Beauty,3,4416.38,2025-01-29,Central
ORD2600,Wireless Earbuds,Electronics,6,3070.43,2025-02-23,South
ORD2601,Cricket Bat,Sports,4,5070.65,2024-10-16,West
ORD2602,Bluetooth Speaker,Electronics,6,2366.43,2024-10-12,Central
ORD2603,Dumbbell Set,Sports,6,2518.57,2024-09-30,North
ORD2604,Football,Sports,2,5184.7,2025-01-12,East
ORD2605,Lip Balm,Beauty,3,1454.35,2024-06-20,Central
ORD2606,Running Shoes,Fashion,6,3690.16,2024-11-20,West
ORD2607,Sunscreen SPF50,Beauty,1,510.74,2024-12-19,South
ORD2608,Sunscreen SPF50,Beauty,6,5564.65,2024-06-28,East
ORD2609,Power Bank,Electronics,3,480.45,2025-02-17,West
ORD2610,Smartwatch,Electronics,5,782.35,2024-09-13,East
ORD2611,Storage Box,Home,6,3845.98,2024-10-05,Central
ORD2612,Lip Balm,Beauty,2,2973.97,2024-08-23,Central
ORD2613,Sunglasses,Fashion,6,3333.13,2025-01-12,West
ORD2614,Face Serum,Beauty,3,2259.17,2025-02-20,Central
ORD2615,Yoga Mat,Sports,4,671.65,2024-09-02,Central
ORD2616,Football,Sports,5,4628.63,2024-07-20,East
ORD2617,Sunglasses,Fashion,2,5847.63,2025-01-31,North
ORD2618,Bluetooth Speaker,Electronics,5,1596.63,2024-07-24,South
ORD2619,Storage Box,Home,5,3495.78,2025-01-28,East
ORD2620,Face Serum,Beauty,2,526.38,2025-01-09,Central
ORD2621,Cricket Bat,Sports,1,2254.28,2025-02-02,North
ORD2622,Wall Clock,Home,1,3228.86,2024-08-28,East
ORD2623,USB-C Cable,Electronics,3,4809.51,2024-07-14,West
ORD2624,Lip Balm,Beauty,3,3414.15,2024-08-20,South
ORD2625,Non-stick Pan,Home,3,5315.02,2025-03-07,East
ORD2626,Football,Sports,6,301.12,2025-01-10,South
ORD2627,Bluetooth Speaker,Electronics,2,3349.59,2024-08-30,Central
ORD2628,Cotton Bedsheet,Home,3,5710.57,2025-03-06,West
ORD2629,Skipping Rope,Sports,4,757.64,2024-09-08,East
ORD2630,Football,Sports,3,2983.88,2024-08-20,West
ORD2631,Cricket Bat,Sports,6,3068.2,2024-12-29,East
ORD2632,Cotton T-Shirt,Fashion,1,2810.89,2024-08-17,Central
ORD2633,Table Lamp,Home,1,5551.31,2024-08-02,Central
ORD2634,Running Shoes,Fashion,5,3346.04,2025-03-04,West
ORD2635,Leather Wallet,Fashion,6,1966.42,2024-11-27,North
ORD2636,Sunglasses,Fashion,1,3955.49,2024-11-11,Central
ORD2637,Wireless Earbuds,Electronics,1,3437.77,2025-03-12,West
ORD2638,Hair Dryer,Beauty,4,4851.74,2024-10-12,East
ORD2639,Shampoo 200ml,Beauty,1,3591.39,2025-01-15,Central
ORD2640,Football,Sports,4,1284.09,2024-12-14,East
ORD2641,Lip Balm,Beauty,2,5625.73,2024-09-28,East
ORD2642,Shampoo 200ml,Beauty,3,4500.96,2024-12-27,South
ORD2643,Storage Box,Home,5,5380.86,2024-08-15,South
ORD2644,Sunscreen SPF50,Beauty,5,819.49,2024-07-09,East
ORD2645,Bluetooth Speaker,Electronics,2,2986.8,2024-09-14,Central
ORD2646,Sunscreen SPF50,Beauty,3,5923.62,2024-06-26,East
ORD2647,Table Lamp,Home,5,1845.29,2024-11-11,North
ORD2648,Leather Wallet,Fashion,2,4546.56,2024-06-14,Central
ORD2649,Hair Dryer,Beauty,4,1108.5,2024-07-09,East
ORD2650,Sunglasses,Fashion,4,2787.75,2024-12-27,West
ORD2651,USB-C Cable,Electronics,5,4543.79,2024-11-10,Central
ORD2652,USB-C Cable,Electronics,5,694.83,2024-10-31,West
ORD2653,Storage Box,Home,4,2284.31,2025-01-12,Central
ORD2654,Cricket Bat,Sports,5,2784.84,2024-11-01,Central
ORD2655,Cricket Bat,Sports,6,5251.74,2025-01-18,North
ORD2656,Table Lamp,Home,6,3730.63,2024-10-08,East
ORD2657,Sunglasses,Fashion,4,527.44,2025-01-09,South
ORD2658,Cricket Bat,Sports,2,2132.84,2024-10-07,West
ORD2659,Shampoo 200ml,Beauty,3,1536.47,2024-08-20,North
ORD2660,Cotton Bedsheet,Home,5,1753.87,2025-01-20,West
ORD2661,Leather Wallet,Fashion,1,4744.88,2024-07-12,Central
ORD2662,Skipping Rope,Sports,4,2092.84,2025-02-08,Central
ORD2663,Dumbbell Set,Sports,2,4423.26,2024-06-21,North
ORD2664,Smartwatch,Electronics,5,221.93,2024-10-25,East
ORD2665,Power Bank,Electronics,2,2371.74,2025-03-09,East
ORD2666,Running Shoes,Fashion,3,4416.74,2024-07-05,Central
ORD2667,Non-stick Pan,Home,3,5564.52,2024-10-27,West
ORD2668,Storage Box,Home,1,5886.95,2024-09-05,Central
ORD2669,Cotton Bedsheet,Home,1,4682.44,2024-12-26,East
ORD2670,Cotton Bedsheet,Home,3,5282.1,2024-09-08,East
ORD2671,Football,Sports,3,5606.31,2025-03-27,Central
ORD2672,USB-C Cable,Electronics,4,5985.56,2024-08-20,Central
ORD2673,Table Lamp,Home,5,2509.54,2024-06-01,Central
ORD2674,Hair Dryer,Beauty,4,4618.86,2024-11-14,West
ORD2675,Skipping Rope,Sports,2,4702.86,2025-01-30,South
ORD2676,Shampoo 200ml,Beauty,2,427.3,2025-01-27,West
ORD2677,Wall Clock,Home,6,4905.78,2024-10-05,West
ORD2678,Shampoo 200ml,Beauty,1,3479.93,2025-03-19,West
ORD2679,Cricket Bat,Sports,3,5860.08,2024-06-29,East
ORD2680,Cotton T-Shirt,Fashion,6,421.26,2024-08-11,Central
ORD2681,Sunscreen SPF50,Beauty,5,5384.09,2024-06-14,North
ORD2682,Power Bank,Electronics,5,1503.24,2024-09-02,South
ORD2683,Lip Balm,Beauty,2,2774.54,2024-08-21,East
ORD2684,Leather Wallet,Fashion,2,241.84,2024-11-03,North
ORD2685,Leather Wallet,Fashion,4,858.24,2025-01-21,West
ORD2686,Denim Jacket,Fashion,5,3374.2,2025-01-13,South
ORD2687,Cotton T-Shirt,Fashion,5,679.78,2025-03-11,West
ORD2688,USB-C Cable,Electronics,6,3079.76,2024-06-04,West
ORD2689,Cotton T-Shirt,Fashion,2,4190.49,2024-06-02,East
ORD2690,Storage Box,Home,3,3768.74,2025-01-31,South
ORD2691,Hair Dryer,Beauty,2,5242.0,2024-12-07,North
ORD2692,Face Serum,Beauty,3,630.12,2024-09-06,North
ORD2693,Hair Dryer,Beauty,4,2773.34,2024-07-04,South
ORD2694,Yoga Mat,Sports,3,2420.54,2024-10-03,Central
ORD2695,Face Serum,Beauty,2,2978.51,2025-02-22,East
ORD2696,Storage Box,Home,5,5282.91,2025-03-13,South
ORD2697,Smartwatch,Electronics,6,3505.0,2024-11-06,North
ORD2698,Storage Box,Home,1,2954.74,2024-06-02,West
ORD2699,Wall Clock,Home,1,4998.93,2025-02-26,East
ORD2700,Dumbbell Set,Sports,1,2536.78,2024-10-12,Central
ORD2701,Storage Box,Home,5,5583.86,2025-01-03,West
ORD2702,Cotton Bedsheet,Home,5,2458.79,2024-11-20,West
ORD2703,Power Bank,Electronics,4,2962.38,2024-11-27,Central
ORD2704,Leather Wallet,Fashion,2,4449.83,2024-11-15,East
ORD2705,Wireless Earbuds,Electronics,3,5669.13,2025-01-13,West
ORD2706,Non-stick Pan,Home,1,1867.93,2024-08-31,East
ORD2707,Skipping Rope,Sports,6,3087.83,2024-07-04,North
ORD2708,Cricket Bat,Sports,3,3242.3,2024-08-17,South
ORD2709,Leather Wallet,Fashion,5,1857.97,2024-12-02,West
ORD2710,Table Lamp,Home,5,274.49,2024-10-26,North
ORD2711,Smartwatch,Electronics,1,2313.61,2025-01-26,East
ORD2712,Dumbbell Set,Sports,1,2525.49,2024-06-08,Central
ORD2713,Power Bank,Electronics,6,4959.51,2024-07-15,East
ORD2714,Leather Wallet,Fashion,4,672.6,2024-10-24,North
ORD2715,Leather Wallet,Fashion,6,3978.27,2024-06-24,North
ORD2716,Smartwatch,Electronics,3,3379.18,2024-06-18,Central
ORD2717,Dumbbell Set,Sports,2,3813.23,2024-06-12,West
ORD2718,Skipping Rope,Sports,6,367.26,2024-12-14,East
ORD2719,Cricket Bat,Sports,5,1565.68,2025-01-10,East
ORD2720,Yoga Mat,Sports,6,1467.8,2024-12-19,South
ORD2721,Dumbbell Set,Sports,4,1863.36,2024-08-11,South
ORD2722,Cotton T-Shirt,Fashion,3,4661.61,2024-07-20,West
ORD2723,USB-C Cable,Electronics,6,1442.45,2024-11-26,North
ORD2724,Denim Jacket,Fashion,3,1742.06,2024-12-26,West
ORD2725,Wall Clock,Home,1,4656.92,2024-06-18,East
ORD2726,Denim Jacket,Fashion,5,5457.01,2025-03-08,North
ORD2727,Sunglasses,Fashion,5,4824.34,2024-12-31,West
ORD2728,Non-stick Pan,Home,1,1914.31,2025-03-22,West
ORD2729,Power Bank,Electronics,1,3453.08,2025-02-13,West
ORD2730,Table Lamp,Home,4,4974.11,2025-02-12,North
ORD2731,Shampoo 200ml,Beauty,5,5479.53,2024-07-23,South
ORD2732,Bluetooth Speaker,Electronics,6,3341.61,2024-12-12,Central
ORD2733,Bluetooth Speaker,Electronics,5,711.19,2024-06-28,North
ORD2734,Lip Balm,Beauty,3,1677.49,2024-12-27,West
ORD2735,Non-stick Pan,Home,4,1505.06,2024-08-19,East
ORD2736,Storage Box,Home,1,894.3,2024-12-24,Central
ORD2737,Football,Sports,4,1157.46,2024-08-22,Central
ORD2738,Leather Wallet,Fashion,6,3887.42,2024-11-06,West
ORD2739,Cotton T-Shirt,Fashion,1,3398.93,2025-03-16,Central
ORD2740,Football,Sports,1,2877.55,2024-09-27,South
ORD2741,Smartwatch,Electronics,4,700.18,2025-01-04,North
ORD2742,Denim Jacket,Fashion,4,5636.26,2024-07-13,East
ORD2743,Leather Wallet,Fashion,1,5395.43,2024-11-18,North
ORD2744,Cotton T-Shirt,Fashion,1,2314.38,2025-01-07,East
ORD2745,Cotton T-Shirt,Fashion,6,4008.65,2024-08-13,Central
ORD2746,Hair Dryer,Beauty,3,4411.14,2024-12-06,East
ORD2747,USB-C Cable,Electronics,1,5036.06,2025-01-24,Central
ORD2748,Smartwatch,Electronics,5,3109.99,2025-01-06,South
ORD2749,USB-C Cable,Electronics,2,4891.92,2024-09-07,West
ORD2750,Wall Clock,Home,4,5595.81,2024-08-24,East
ORD2751,Storage Box,Home,6,2588.84,2025-02-04,East
ORD2752,Smartwatch,Electronics,4,1679.95,2024-10-17,North
ORD2753,Storage Box,Home,6,875.25,2024-11-28,South
ORD2754,Denim Jacket,Fashion,3,2216.35,2024-12-15,North
ORD2755,Dumbbell Set,Sports,2,4930.94,2025-01-07,South
ORD2756,Bluetooth Speaker,Electronics,5,1646.61,2024-08-02,East
ORD2757,Running Shoes,Fashion,1,3517.49,2024-11-28,East
ORD2758,Non-stick Pan,Home,2,5217.69,2024-11-21,North
ORD2759,Leather Wallet,Fashion,5,3094.41,2024-07-02,Central
ORD2760,Sunglasses,Fashion,2,4228.17,2025-01-11,South
ORD2761,Face Serum,Beauty,2,2439.06,2024-09-14,East
ORD2762,Bluetooth Speaker,Electronics,6,3767.07,2025-02-06,Central
ORD2763,Bluetooth Speaker,Electronics,2,2529.25,2024-08-21,West
ORD2764,Cotton Bedsheet,Home,2,5288.65,2024-08-04,West
ORD2765,Shampoo 200ml,Beauty,4,1854.81,2024-11-19,Central
ORD2766,Yoga Mat,Sports,5,3862.17,2024-10-28,West
ORD2767,Football,Sports,6,4282.34,2024-10-29,Central
ORD2768,Wall Clock,Home,3,1720.64,2024-09-08,North
ORD2769,Storage Box,Home,4,2177.48,2025-02-09,South
ORD2770,Shampoo 200ml,Beauty,5,1674.71,2024-06-03,East
ORD2771,Storage Box,Home,6,2622.75,2025-01-11,Central
ORD2772,Cotton Bedsheet,Home,1,1269.63,2024-12-21,North
ORD2773,Table Lamp,Home,4,2783.58,2024-06-08,East
ORD2774,Non-stick Pan,Home,1,5503.56,2025-03-11,Central
ORD2775,Cotton Bedsheet,Home,2,745.58,2024-11-11,North
ORD2776,Yoga Mat,Sports,1,2478.38,2024-10-22,Central
ORD2777,Bluetooth Speaker,Electronics,2,2626.74,2025-03-03,North
ORD2778,USB-C Cable,Electronics,2,3079.29,2024-12-05,South
ORD2779,Wireless Earbuds,Electronics,3,1764.78,2024-10-02,Central
ORD2780,Hair Dryer,Beauty,1,2252.95,2024-10-04,East
ORD2781,Smartwatch,Electronics,5,4850.28,2024-06-12,West
ORD2782,Face Serum,Beauty,5,2608.4,2024-09-02,South
ORD2783,Lip Balm,Beauty,1,1844.77,2024-06-20,South
ORD2784,Sunscreen SPF50,Beauty,2,1968.99,2025-02-09,Central
ORD2785,Dumbbell Set,Sports,2,5608.64,2024-11-20,North
ORD2786,Dumbbell Set,Sports,4,5775.75,2024-07-21,South
ORD2787,Running Shoes,Fashion,4,883.43,2024-07-01,Central
ORD2788,Running Shoes,Fashion,1,2040.01,2025-02-01,Central
ORD2789,Football,Sports,6,253.32,2024-08-09,Central
ORD2790,Yoga Mat,Sports,1,3451.34,2025-01-31,East
ORD2791,Storage Box,Home,5,2464.61,2024-12-09,North
ORD2792,Dumbbell Set,Sports,4,3381.22,2024-12-18,Central
ORD2793,Table Lamp,Home,3,395.54,2024-09-24,West
ORD2794,Table Lamp,Home,5,4162.54,2025-01-19,North
ORD2795,Denim Jacket,Fashion,5,254.66,2024-06-06,Central
ORD2796,Table Lamp,Home,1,2146.54,2024-12-18,South
ORD2797,Face Serum,Beauty,4,192.54,2024-08-30,East
ORD2798,Lip Balm,Beauty,5,4978.15,2025-01-16,Central
ORD2799,Skipping Rope,Sports,5,3753.86,2024-07-03,South
ORD2800,Storage Box,Home,2,3267.75,2024-11-17,South
ORD2801,Wall Clock,Home,2,1161.59,2025-03-22,West
ORD2802,Non-stick Pan,Home,3,367.46,2024-10-30,Central
ORD2803,Wall Clock,Home,6,5711.74,2024-10-30,West
ORD2804,Cotton T-Shirt,Fashion,2,3899.17,2025-02-15,Central
ORD2805,Lip Balm,Beauty,3,3660.9,2025-01-19,Central
ORD2806,Wireless Earbuds,Electronics,4,4911.85,2025-03-21,South
ORD2807,Leather Wallet,Fashion,2,2488.73,2025-02-23,South
ORD2808,Lip Balm,Beauty,3,5871.71,2024-12-05,North
ORD2809,Cotton T-Shirt,Fashion,5,1577.45,2025-02-08,East
ORD2810,Wireless Earbuds,Electronics,6,3073.84,2025-01-24,North
ORD2811,Skipping Rope,Sports,1,4430.71,2024-07-30,West
ORD2812,Table Lamp,Home,6,5291.06,2024-09-25,East
ORD2813,Skipping Rope,Sports,1,1804.1,2024-09-16,South
ORD2814,Smartwatch,Electronics,6,2610.6,2025-01-02,East
ORD2815,Wireless Earbuds,Electronics,1,637.87,2024-12-25,North
ORD2816,USB-C Cable,Electronics,6,1319.39,2024-09-15,East
ORD2817,Table Lamp,Home,4,1123.33,2024-08-29,West
ORD2818,USB-C Cable,Electronics,2,601.98,2024-12-16,East
ORD2819,Storage Box,Home,4,5051.59,2024-09-25,South
ORD2820,Power Bank,Electronics,1,1863.08,2025-03-09,South
ORD2821,Table Lamp,Home,1,523.27,2024-07-14,West
ORD2822,USB-C Cable,Electronics,5,1876.35,2025-01-25,East
ORD2823,Smartwatch,Electronics,1,3681.78,2025-03-21,East
ORD2824,USB-C Cable,Electronics,1,3648.4,2024-06-06,North
ORD2825,Leather Wallet,Fashion,4,4817.86,2024-09-28,East
ORD2826,Storage Box,Home,2,2284.09,2024-12-06,North
ORD2827,Shampoo 200ml,Beauty,2,2264.84,2024-10-14,North
ORD2828,Table Lamp,Home,2,4271.48,2025-02-25,West
ORD2829,Face Serum,Beauty,1,2471.59,2024-11-15,West
ORD2830,Bluetooth Speaker,Electronics,3,3549.55,2024-09-07,East
ORD2831,Shampoo 200ml,Beauty,4,1832.16,2024-11-02,Central
ORD2832,Smartwatch,Electronics,4,649.88,2024-11-20,South
ORD2833,Cotton Bedsheet,Home,6,3051.54,2025-02-08,East
ORD2834,Storage Box,Home,1,1998.06,2025-01-24,Central
ORD2835,Skipping Rope,Sports,5,4872.2,2024-07-30,West
ORD2836,Dumbbell Set,Sports,1,2942.5,2024-07-25,East
ORD2837,Wireless Earbuds,Electronics,1,1659.64,2024-10-13,North
ORD2838,Non-stick Pan,Home,6,4864.9,2024-11-07,East
ORD2839,Leather Wallet,Fashion,4,1418.48,2024-09-13,West
ORD2840,Power Bank,Electronics,6,1692.63,2025-03-21,North
ORD2841,Shampoo 200ml,Beauty,5,2028.88,2024-11-10,North
ORD2842,Cricket Bat,Sports,4,4480.62,2024-06-03,South
ORD2843,Running Shoes,Fashion,1,3949.75,2024-07-17,West
ORD2844,Face Serum,Beauty,4,319.22,2024-07-24,South
ORD2845,Wireless Earbuds,Electronics,1,4081.8,2025-01-18,South
ORD2846,Dumbbell Set,Sports,1,4038.3,2025-02-23,North
ORD2847,Sunscreen SPF50,Beauty,1,5634.51,2024-11-10,West
ORD2848,Football,Sports,3,5736.86,2025-01-03,East
ORD2849,Wireless Earbuds,Electronics,1,3482.96,2024-11-10,East
ORD2850,Storage Box,Home,6,484.92,2025-01-11,Central
ORD2851,Non-stick Pan,Home,1,869.39,2024-10-22,South
ORD2852,Denim Jacket,Fashion,3,5768.3,2024-07-06,North
ORD2853,Leather Wallet,Fashion,3,5284.25,2024-12-20,West
ORD2854,Non-stick Pan,Home,5,1003.25,2024-09-26,North
ORD2855,Lip Balm,Beauty,2,4492.71,2024-07-11,West
ORD2856,Cricket Bat,Sports,4,470.66,2025-02-21,Central
ORD2857,Running Shoes,Fashion,6,4254.91,2024-08-16,South
ORD2858,Leather Wallet,Fashion,4,2013.82,2024-07-04,West
ORD2859,Leather Wallet,Fashion,3,2049.8,2024-09-28,North
ORD2860,Lip Balm,Beauty,5,4786.19,2024-06-05,West
ORD2861,Smartwatch,Electronics,6,4955.94,2024-07-23,North
ORD2862,Storage Box,Home,6,759.72,2024-09-23,East
ORD2863,Sunscreen SPF50,Beauty,6,765.34,2024-06-07,West
ORD2864,Skipping Rope,Sports,6,416.25,2025-02-03,Central
ORD2865,Hair Dryer,Beauty,6,4534.05,2025-01-18,West
ORD2866,Wireless Earbuds,Electronics,5,4834.26,2025-02-25,South
ORD2867,Smartwatch,Electronics,1,4218.67,2024-11-13,East
ORD2868,Leather Wallet,Fashion,3,5051.21,2024-10-02,South
ORD2869,Denim Jacket,Fashion,3,5916.52,2025-01-27,South
ORD2870,Hair Dryer,Beauty,4,351.41,2025-01-05,Central
ORD2871,Denim Jacket,Fashion,3,5044.6,2024-07-10,West
ORD2872,Running Shoes,Fashion,3,5903.41,2025-03-16,South
ORD2873,Face Serum,Beauty,1,5484.83,2024-07-30,Central
ORD2874,Sunglasses,Fashion,4,3408.5,2025-01-16,East
ORD2875,USB-C Cable,Electronics,3,1139.54,2024-06-11,East
ORD2876,Running Shoes,Fashion,5,2198.09,2025-03-20,South
ORD2877,Yoga Mat,Sports,5,1711.37,2024-08-18,West
ORD2878,Hair Dryer,Beauty,1,2470.86,2024-09-14,Central
ORD2879,Dumbbell Set,Sports,3,600.24,2024-07-19,North
ORD2880,Cricket Bat,Sports,3,356.12,2024-12-13,South
ORD2881,Hair Dryer,Beauty,6,5367.85,2024-06-14,Central
ORD2882,Yoga Mat,Sports,4,3088.47,2024-09-12,North
ORD2883,Bluetooth Speaker,Electronics,6,4956.83,2025-01-22,Central
ORD2884,Sunglasses,Fashion,2,5287.45,2024-08-16,South
ORD2885,Cotton Bedsheet,Home,1,1234.46,2024-12-17,West
ORD2886,Sunscreen SPF50,Beauty,3,163.51,2024-09-18,Central
ORD2887,Leather Wallet,Fashion,1,2634.02,2025-01-22,North
ORD2888,Running Shoes,Fashion,2,1783.72,2024-08-29,West
ORD2889,Sunscreen SPF50,Beauty,2,1329.07,2025-02-07,South
ORD2890,Lip Balm,Beauty,2,5462.98,2024-07-22,East
ORD2891,Table Lamp,Home,5,1627.89,2024-06-18,West
ORD2892,Dumbbell Set,Sports,4,1676.29,2024-12-07,Central
ORD2893,Face Serum,Beauty,5,4297.12,2024-10-26,South
ORD2894,Running Shoes,Fashion,6,2076.33,2025-03-18,South
ORD2895,Denim Jacket,Fashion,6,4869.4,2024-06-02,Central
ORD2896,Cotton T-Shirt,Fashion,6,5113.06,2025-03-08,West
ORD2897,Hair Dryer,Beauty,6,3700.23,2024-12-20,East
ORD2898,Storage Box,Home,2,2842.94,2024-11-26,West
ORD2899,Cotton Bedsheet,Home,5,4371.71,2024-07-21,West
ORD2900,Bluetooth Speaker,Electronics,5,1019.24,2024-10-01,East
ORD2901,Wireless Earbuds,Electronics,6,5345.66,2024-07-08,South
ORD2902,Table Lamp,Home,1,321.88,2024-11-16,South
ORD2903,Running Shoes,Fashion,2,5230.47,2024-12-25,Central
ORD2904,Sunglasses,Fashion,3,4312.08,2024-07-24,South
ORD2905,Cotton Bedsheet,Home,6,887.7,2024-09-25,South
ORD2906,USB-C Cable,Electronics,4,4744.31,2025-02-24,East
ORD2907,Face Serum,Beauty,6,3516.8,2024-09-15,Central
ORD2908,Bluetooth Speaker,Electronics,4,219.83,2025-02-25,East
ORD2909,Football,Sports,5,1349.85,2024-08-26,North
ORD2910,Table Lamp,Home,4,4922.18,2025-03-11,South
ORD2911,Storage Box,Home,6,466.4,2024-06-04,Central
ORD2912,Dumbbell Set,Sports,4,545.5,2024-07-25,Central
ORD2913,Table Lamp,Home,4,5078.33,2024-11-02,East
ORD2914,Skipping Rope,Sports,5,4752.42,2024-10-05,Central
ORD2915,Bluetooth Speaker,Electronics,4,3882.0,2025-01-11,South
ORD2916,Yoga Mat,Sports,1,1456.49,2024-09-15,West
ORD2917,Smartwatch,Electronics,5,1709.51,2024-08-26,East
ORD2918,Cotton T-Shirt,Fashion,3,332.37,2025-02-05,North
ORD2919,Smartwatch,Electronics,2,5521.58,2024-11-12,Central
ORD2920,Dumbbell Set,Sports,2,5515.73,2025-03-10,North
ORD2921,USB-C Cable,Electronics,1,4056.33,2024-08-31,Central
ORD2922,Wall Clock,Home,3,489.06,2024-08-09,Central
ORD2923,Leather Wallet,Fashion,4,3610.62,2025-03-11,South
ORD2924,Sunglasses,Fashion,4,4457.48,2024-09-21,West
ORD2925,Smartwatch,Electronics,4,4655.35,2024-07-22,East
ORD2926,Cotton Bedsheet,Home,6,344.93,2024-06-09,West
ORD2927,Shampoo 200ml,Beauty,6,5366.46,2024-07-02,West
ORD2928,Cotton Bedsheet,Home,1,734.23,2024-07-06,West
ORD2929,Wireless Earbuds,Electronics,5,2094.48,2024-09-21,North
ORD2930,Dumbbell Set,Sports,4,1352.54,2024-07-29,South
ORD2931,Running Shoes,Fashion,2,3002.85,2024-07-10,West
ORD2932,Bluetooth Speaker,Electronics,4,3497.58,2024-09-17,North
ORD2933,Face Serum,Beauty,5,3547.15,2024-06-27,North
ORD2934,Cotton T-Shirt,Fashion,5,908.1,2025-01-31,South
ORD2935,Power Bank,Electronics,2,4994.53,2025-01-16,East
ORD2936,Non-stick Pan,Home,4,3419.45,2025-01-31,South
ORD2937,Non-stick Pan,Home,3,504.63,2025-01-04,East
ORD2938,Wall Clock,Home,6,3694.54,2024-11-19,South
ORD2939,Shampoo 200ml,Beauty,5,3869.05,2024-08-06,North
ORD2940,Sunscreen SPF50,Beauty,6,4410.31,2024-11-24,West
ORD2941,Skipping Rope,Sports,1,5105.57,2024-11-08,East
ORD2942,USB-C Cable,Electronics,1,3474.97,2024-12-30,Central
ORD2943,Cotton T-Shirt,Fashion,3,2697.3,2025-01-15,Central
ORD2944,Power Bank,Electronics,3,1872.38,2024-09-03,North
ORD2945,Cotton T-Shirt,Fashion,1,5570.3,2024-12-03,North
ORD2946,Cotton T-Shirt,Fashion,4,2983.42,2024-10-22,North
ORD2947,Dumbbell Set,Sports,1,834.7,2024-12-19,West
ORD2948,Sunglasses,Fashion,6,3641.0,2024-10-03,North
ORD2949,Wireless Earbuds,Electronics,2,5322.94,2024-07-11,East
ORD2950,Smartwatch,Electronics,6,3830.51,2024-06-27,West
ORD2951,Face Serum,Beauty,5,572.14,2024-10-09,East
ORD2952,Lip Balm,Beauty,3,3187.01,2024-06-03,North
ORD2953,Wireless Earbuds,Electronics,3,368.85,2024-10-28,West
ORD2954,Cotton T-Shirt,Fashion,3,3796.13,2024-12-15,Central
ORD2955,Non-stick Pan,Home,6,5811.45,2025-01-12,East
ORD2956,Non-stick Pan,Home,4,260.72,2025-03-10,Central
ORD2957,Dumbbell Set,Sports,3,2468.45,2024-08-08,East
ORD2958,Shampoo 200ml,Beauty,1,636.46,2024-09-07,Central
ORD2959,Power Bank,Electronics,5,2088.7,2024-07-11,North
ORD2960,Yoga Mat,Sports,2,4055.39,2024-07-25,West
ORD2961,Denim Jacket,Fashion,6,3998.57,2024-07-01,Central
ORD2962,Smartwatch,Electronics,5,2079.92,2024-06-12,East
ORD2963,Table Lamp,Home,3,5649.49,2025-01-11,North
ORD2964,Lip Balm,Beauty,1,3846.93,2024-10-19,West
ORD2965,Shampoo 200ml,Beauty,2,4938.57,2024-07-22,North
ORD2966,Cotton Bedsheet,Home,6,1597.9,2025-03-26,West
ORD2967,Shampoo 200ml,Beauty,1,1098.64,2024-11-05,West
ORD2968,Power Bank,Electronics,5,1635.78,2024-10-28,East
ORD2969,Hair Dryer,Beauty,4,1804.71,2025-02-14,Central
ORD2970,Non-stick Pan,Home,6,1953.62,2025-03-05,South
ORD2971,Wall Clock,Home,1,5220.85,2024-10-02,West
ORD2972,Non-stick Pan,Home,6,4144.67,2024-10-21,West
ORD2973,Dumbbell Set,Sports,5,2826.72,2024-11-14,Central
ORD2974,Smartwatch,Electronics,3,5832.74,2025-03-22,East
ORD2975,Wireless Earbuds,Electronics,5,4014.21,2024-12-14,East
ORD2976,Cricket Bat,Sports,4,1522.57,2025-03-24,South
ORD2977,Sunglasses,Fashion,6,5081.55,2025-02-13,West
ORD2978,Yoga Mat,Sports,6,5751.78,2024-10-03,West
ORD2979,Shampoo 200ml,Beauty,4,4846.42,2025-03-20,West
ORD2980,Storage Box,Home,5,414.93,2024-10-06,East
ORD2981,Non-stick Pan,Home,1,3442.98,2025-03-03,West
ORD2982,Power Bank,Electronics,2,5103.08,2025-03-20,West
ORD2983,Leather Wallet,Fashion,4,4869.38,2025-01-08,West
ORD2984,Face Serum,Beauty,6,3722.1,2024-08-01,Central
ORD2985,Non-stick Pan,Home,2,2376.21,2024-10-08,South
ORD2986,Sunglasses,Fashion,6,3944.56,2024-09-16,North
ORD2987,Shampoo 200ml,Beauty,5,3052.87,2024-06-08,Central
ORD2988,Leather Wallet,Fashion,4,2013.57,2024-07-30,North
ORD2989,Leather Wallet,Fashion,6,4749.47,2024-12-30,West
ORD2990,Smartwatch,Electronics,3,4742.82,2025-01-31,West
ORD2991,Smartwatch,Electronics,1,2229.31,2025-01-17,West
ORD2992,Bluetooth Speaker,Electronics,3,5976.73,2024-06-10,North
ORD2993,Cotton T-Shirt,Fashion,3,1647.88,2024-10-23,North
ORD2994,Skipping Rope,Sports,5,2026.15,2024-11-13,South
ORD2995,Leather Wallet,Fashion,6,1416.35,2024-10-11,East
ORD2996,Cricket Bat,Sports,3,2119.3,2024-11-20,West
ORD2997,Shampoo 200ml,Beauty,2,1565.85,2024-11-21,East
ORD2998,Table Lamp,Home,6,5442.39,2024-11-18,North
ORD2999,Cricket Bat,Sports,2,4715.03,2025-01-17,South
ORD3000,Shampoo 200ml,Beauty,2,3238.64,2024-08-13,West
ORD3001,Hair Dryer,Beauty,3,4082.67,2025-03-12,West
ORD3002,USB-C Cable,Electronics,5,5947.22,2024-08-20,West
ORD3003,Face Serum,Beauty,2,2547.03,2025-01-03,Central
ORD3004,Yoga Mat,Sports,6,1246.29,2025-01-24,West
ORD3005,Cotton T-Shirt,Fashion,5,1159.0,2024-10-25,South
ORD3006,Running Shoes,Fashion,1,5768.96,2024-12-21,North
ORD3007,Lip Balm,Beauty,2,2947.46,2025-01-26,Central
ORD3008,Denim Jacket,Fashion,3,3022.19,2025-01-02,East
ORD3009,Yoga Mat,Sports,5,803.42,2024-09-07,West
ORD3010,Cricket Bat,Sports,1,5149.0,2025-01-28,South
ORD3011,Sunglasses,Fashion,2,2163.97,2024-07-21,West
ORD3012,Yoga Mat,Sports,3,2648.49,2025-01-30,Central
ORD3013,Power Bank,Electronics,5,3131.3,2024-09-15,North
ORD3014,Face Serum,Beauty,1,3214.73,2024-09-09,South
ORD3015,Sunglasses,Fashion,1,977.3,2025-02-01,East
ORD3016,Cotton Bedsheet,Home,4,3509.18,2024-08-29,East
ORD3017,Cricket Bat,Sports,1,3380.37,2024-07-17,West
ORD3018,Cricket Bat,Sports,5,3737.06,2024-07-31,South
ORD3019,Cricket Bat,Sports,4,5421.5,2024-06-21,South
ORD3020,Wireless Earbuds,Electronics,5,1060.79,2025-01-23,Central
ORD3021,Smartwatch,Electronics,4,5501.83,2024-11-26,North
ORD3022,Bluetooth Speaker,Electronics,1,4886.87,2024-09-27,Central
ORD3023,Smartwatch,Electronics,5,5719.5,2025-01-08,West
ORD3024,Cricket Bat,Sports,2,1418.53,2024-10-27,South
ORD3025,Dumbbell Set,Sports,6,2967.78,2024-10-25,South
ORD3026,Skipping Rope,Sports,3,2401.71,2025-01-29,West
ORD3027,Non-stick Pan,Home,6,3366.87,2024-11-14,North
ORD3028,Table Lamp,Home,6,1198.97,2025-01-16,West
ORD3029,Table Lamp,Home,4,3516.41,2024-07-09,West
ORD3030,Non-stick Pan,Home,1,5700.42,2024-11-16,East
ORD3031,Cotton Bedsheet,Home,4,2744.56,2024-08-14,East
ORD3032,Sunglasses,Fashion,2,4192.2,2024-08-13,West
ORD3033,Football,Sports,6,3001.38,2024-10-02,Central
ORD3034,Skipping Rope,Sports,3,5184.6,2024-07-11,South
ORD3035,Football,Sports,4,1119.59,2025-02-05,West
ORD3036,Leather Wallet,Fashion,5,2393.77,2024-07-13,North
ORD3037,Running Shoes,Fashion,4,2369.49,2024-08-24,Central
ORD3038,Hair Dryer,Beauty,4,1983.95,2024-10-23,North
ORD3039,Leather Wallet,Fashion,2,584.71,2025-02-19,North
ORD3040,Table Lamp,Home,3,268.1,2024-07-10,North
ORD3041,Face Serum,Beauty,5,554.01,2024-10-22,South
ORD3042,Storage Box,Home,1,5932.01,2024-09-01,West
ORD3043,Leather Wallet,Fashion,5,5550.5,2024-10-28,Central
ORD3044,Sunscreen SPF50,Beauty,3,2009.42,2024-07-11,Central
ORD3045,Non-stick Pan,Home,2,5430.44,2024-07-11,North
ORD3046,Smartwatch,Electronics,5,1917.54,2024-12-20,West
ORD3047,Table Lamp,Home,2,2941.32,2024-06-24,North
ORD3048,Lip Balm,Beauty,5,1264.76,2025-01-17,East
ORD3049,Face Serum,Beauty,4,5993.72,2024-06-04,South
ORD3050,Power Bank,Electronics,2,2800.89,2024-09-29,Central
ORD3051,Face Serum,Beauty,1,5072.54,2024-06-03,North
ORD3052,Sunglasses,Fashion,2,2570.33,2024-07-10,Central
ORD3053,Dumbbell Set,Sports,2,5703.39,2024-10-12,North
ORD3054,Power Bank,Electronics,1,1370.99,2024-12-13,East
ORD3055,Sunglasses,Fashion,4,5570.25,2024-06-28,South
ORD3056,Running Shoes,Fashion,3,1609.87,2025-03-05,North
ORD3057,Leather Wallet,Fashion,1,525.25,2025-03-13,North
ORD3058,Smartwatch,Electronics,3,457.66,2024-11-09,South
ORD3059,Wireless Earbuds,Electronics,5,5670.81,2024-12-26,North
ORD3060,Storage Box,Home,4,3662.49,2024-09-06,East
ORD3061,Shampoo 200ml,Beauty,5,2706.57,2024-06-26,East
ORD3062,Sunglasses,Fashion,3,2349.74,2024-11-10,West
ORD3063,Running Shoes,Fashion,3,1139.47,2024-11-06,West
ORD3064,Running Shoes,Fashion,4,3605.38,2024-10-13,Central
ORD3065,Face Serum,Beauty,6,4596.48,2024-11-20,East
ORD3066,USB-C Cable,Electronics,2,3067.06,2025-02-11,North
ORD3067,Smartwatch,Electronics,5,3414.74,2024-07-20,West
ORD3068,Smartwatch,Electronics,5,273.21,2024-07-09,Central
ORD3069,Lip Balm,Beauty,3,5476.36,2024-06-22,Central
ORD3070,Storage Box,Home,4,4467.4,2024-12-13,East
ORD3071,Smartwatch,Electronics,3,4444.61,2024-07-17,East
ORD3072,Denim Jacket,Fashion,5,5841.59,2024-10-12,South
ORD3073,Shampoo 200ml,Beauty,6,259.88,2025-03-03,North
ORD3074,Running Shoes,Fashion,1,2071.18,2024-08-03,South
ORD3075,Hair Dryer,Beauty,6,2578.05,2024-08-30,West
ORD3076,Cricket Bat,Sports,5,5692.09,2025-01-14,North
ORD3077,Denim Jacket,Fashion,3,517.2,2025-03-16,Central
ORD3078,Smartwatch,Electronics,2,5263.47,2024-06-03,West
ORD3079,Hair Dryer,Beauty,1,2718.96,2024-06-06,North
ORD3080,Hair Dryer,Beauty,1,5424.79,2024-09-21,West
ORD3081,Sunglasses,Fashion,4,1051.84,2024-09-24,Central
ORD3082,Shampoo 200ml,Beauty,4,4462.61,2024-06-25,East
ORD3083,Running Shoes,Fashion,4,4733.05,2024-11-13,North
ORD3084,Power Bank,Electronics,4,231.33,2025-01-21,East
ORD3085,USB-C Cable,Electronics,1,181.85,2025-01-16,West
ORD3086,Cricket Bat,Sports,2,3115.39,2024-12-06,East
ORD3087,Shampoo 200ml,Beauty,1,3247.42,2025-01-06,West
ORD3088,Face Serum,Beauty,4,2653.04,2024-08-07,North
ORD3089,Dumbbell Set,Sports,2,3386.42,2024-09-28,East
ORD3090,Yoga Mat,Sports,3,1351.01,2024-08-17,North
ORD3091,Denim Jacket,Fashion,4,5719.52,2024-12-04,Central
ORD3092,Hair Dryer,Beauty,2,1298.23,2025-01-24,East
ORD3093,USB-C Cable,Electronics,6,3520.96,2024-08-27,North
ORD3094,Sunglasses,Fashion,5,4879.19,2024-10-25,West
ORD3095,Hair Dryer,Beauty,6,5107.09,2025-03-04,North
ORD3096,Bluetooth Speaker,Electronics,6,4679.12,2024-11-23,West
ORD3097,Table Lamp,Home,5,1414.64,2024-07-20,North
ORD3098,Skipping Rope,Sports,1,1020.02,2025-02-07,North
ORD3099,Power Bank,Electronics,6,1135.15,2024-06-25,West
ORD3100,Storage Box,Home,1,1474.94,2024-12-08,East
ORD3101,Cricket Bat,Sports,5,767.81,2024-08-03,West
ORD3102,Shampoo 200ml,Beauty,1,2698.22,2024-12-29,South
ORD3103,Football,Sports,3,3318.87,2024-12-21,South
ORD3104,Face Serum,Beauty,2,4716.21,2024-10-03,West
ORD3105,Football,Sports,2,5567.85,2024-07-02,Central
ORD3106,Cotton Bedsheet,Home,3,5257.59,2024-12-02,North
ORD3107,Yoga Mat,Sports,4,3744.5,2024-06-10,Central
ORD3108,Hair Dryer,Beauty,4,4943.38,2025-03-14,West
ORD3109,USB-C Cable,Electronics,2,3870.6,2024-10-26,North
ORD3110,Wireless Earbuds,Electronics,6,176.13,2024-12-17,East
ORD3111,Cricket Bat,Sports,5,1830.1,2024-10-02,Central
ORD3112,Table Lamp,Home,1,1768.42,2024-07-02,South
ORD3113,Leather Wallet,Fashion,1,4297.18,2025-02-10,North
ORD3114,Lip Balm,Beauty,5,5193.89,2024-10-04,West
ORD3115,Sunglasses,Fashion,1,1815.07,2025-01-26,Central
ORD3116,Smartwatch,Electronics,6,3393.54,2024-10-03,North
ORD3117,Leather Wallet,Fashion,1,889.96,2025-02-27,Central
ORD3118,Bluetooth Speaker,Electronics,4,2638.9,2024-12-06,North
ORD3119,Table Lamp,Home,6,5672.69,2024-06-25,East
ORD3120,Wireless Earbuds,Electronics,5,3340.7,2024-11-15,West
ORD3121,Cotton T-Shirt,Fashion,4,1377.04,2025-03-05,Central
ORD3122,USB-C Cable,Electronics,3,1202.71,2024-11-05,North
ORD3123,Sunscreen SPF50,Beauty,5,1112.97,2024-11-14,North
ORD3124,Sunscreen SPF50,Beauty,3,1991.19,2024-09-03,North
ORD3125,Denim Jacket,Fashion,5,2260.26,2024-11-11,East
ORD3126,Wireless Earbuds,Electronics,2,2077.44,2024-10-08,West
ORD3127,Wireless Earbuds,Electronics,4,3384.22,2025-01-29,East
ORD3128,Smartwatch,Electronics,1,1368.35,2024-08-01,Central
ORD3129,Running Shoes,Fashion,5,293.4,2024-07-18,East
ORD3130,Bluetooth Speaker,Electronics,1,5811.48,2024-06-02,West
ORD3131,Running Shoes,Fashion,3,4449.61,2024-12-09,North
ORD3132,Leather Wallet,Fashion,5,3681.69,2024-09-17,South
ORD3133,Storage Box,Home,4,4245.92,2024-08-14,West
ORD3134,Skipping Rope,Sports,5,1701.59,2024-09-24,Central
ORD3135,Hair Dryer,Beauty,2,395.95,2024-08-17,East
ORD3136,Cotton Bedsheet,Home,5,433.36,2024-06-27,East
ORD3137,Sunscreen SPF50,Beauty,4,4895.51,2025-01-11,North
ORD3138,Non-stick Pan,Home,1,1340.98,2024-09-14,Central
ORD3139,Sunglasses,Fashion,1,950.89,2024-11-08,Central
ORD3140,USB-C Cable,Electronics,2,5377.48,2024-12-17,Central
ORD3141,Denim Jacket,Fashion,4,1890.26,2025-01-05,East
ORD3142,Table Lamp,Home,6,1941.47,2024-11-09,Central
ORD3143,Cotton T-Shirt,Fashion,4,3378.75,2024-07-31,East
ORD3144,USB-C Cable,Electronics,5,2019.75,2024-07-26,East
ORD3145,Sunscreen SPF50,Beauty,6,5585.16,2024-07-26,Central
ORD3146,Hair Dryer,Beauty,5,3536.79,2024-12-28,South
ORD3147,Table Lamp,Home,2,1311.08,2024-10-22,South
ORD3148,Cotton Bedsheet,Home,2,4195.29,2025-02-24,South
ORD3149,USB-C Cable,Electronics,4,173.79,2024-08-14,East
ORD3150,USB-C Cable,Electronics,6,4325.19,2024-08-18,West
ORD3151,Smartwatch,Electronics,1,291.87,2024-11-06,South
ORD3152,Football,Sports,4,2658.14,2024-11-03,West
ORD3153,Power Bank,Electronics,6,1044.07,2024-06-22,South
ORD3154,Lip Balm,Beauty,4,4442.1,2025-01-01,West
ORD3155,Storage Box,Home,5,319.32,2024-09-14,West
ORD3156,Wall Clock,Home,1,5082.34,2025-02-25,South
ORD3157,Cotton Bedsheet,Home,1,3450.81,2024-06-16,North
ORD3158,Skipping Rope,Sports,5,1142.9,2025-01-24,West
ORD3159,Power Bank,Electronics,3,730.76,2024-12-20,South
ORD3160,Wireless Earbuds,Electronics,5,3116.0,2024-12-29,South
ORD3161,Shampoo 200ml,Beauty,5,5616.85,2024-08-29,Central
ORD3162,Power Bank,Electronics,5,5692.49,2024-12-16,North
ORD3163,Power Bank,Electronics,4,5143.09,2025-02-14,Central
ORD3164,Bluetooth Speaker,Electronics,4,3589.76,2024-11-07,South
ORD3165,Denim Jacket,Fashion,5,4081.11,2024-12-11,East
ORD3166,Yoga Mat,Sports,4,3343.7,2024-07-09,West
ORD3167,Dumbbell Set,Sports,2,3843.08,2024-07-22,Central
ORD3168,Football,Sports,5,2740.76,2024-09-20,North
ORD3169,USB-C Cable,Electronics,1,3257.36,2024-10-14,Central
ORD3170,USB-C Cable,Electronics,5,5497.58,2024-11-25,East
ORD3171,Sunglasses,Fashion,4,3373.24,2024-06-23,East
ORD3172,Dumbbell Set,Sports,2,1641.62,2024-11-10,Central
ORD3173,Shampoo 200ml,Beauty,6,3861.25,2024-12-16,North
ORD3174,Table Lamp,Home,2,560.93,2025-02-14,North
ORD3175,Shampoo 200ml,Beauty,6,4403.71,2024-10-31,North
ORD3176,Sunglasses,Fashion,5,2937.73,2024-11-03,South
ORD3177,USB-C Cable,Electronics,4,4390.07,2024-06-05,South
ORD3178,Hair Dryer,Beauty,2,5545.73,2024-11-19,South
ORD3179,Face Serum,Beauty,2,2596.87,2025-02-25,Central
ORD3180,Face Serum,Beauty,3,5958.78,2024-07-12,East
ORD3181,Leather Wallet,Fashion,5,5710.17,2024-07-21,South
ORD3182,Sunscreen SPF50,Beauty,6,605.29,2024-08-25,North
ORD3183,Lip Balm,Beauty,4,5895.78,2024-10-17,West
ORD3184,Skipping Rope,Sports,3,5798.05,2024-10-08,South
ORD3185,Table Lamp,Home,4,5859.79,2024-08-21,West
ORD3186,Table Lamp,Home,3,3948.29,2025-01-31,West
ORD3187,Sunscreen SPF50,Beauty,1,3238.08,2024-06-08,West
ORD3188,Cricket Bat,Sports,6,5505.65,2024-10-08,North
ORD3189,Smartwatch,Electronics,4,2776.77,2024-12-26,West
ORD3190,Table Lamp,Home,5,3744.59,2025-02-04,Central
ORD3191,Leather Wallet,Fashion,3,3842.09,2024-11-09,East
ORD3192,Denim Jacket,Fashion,3,2104.49,2025-01-03,West
ORD3193,Sunscreen SPF50,Beauty,5,1195.14,2024-06-29,West
ORD3194,Cotton Bedsheet,Home,6,2607.14,2024-10-17,North
ORD3195,Face Serum,Beauty,1,1989.44,2024-10-12,North
ORD3196,Wall Clock,Home,2,2714.01,2024-09-28,Central
ORD3197,Hair Dryer,Beauty,5,1428.99,2024-09-30,Central
ORD3198,Cotton Bedsheet,Home,5,4048.49,2025-02-24,West
ORD3199,Cotton Bedsheet,Home,3,3934.36,2024-10-08,West
ORD3200,Football,Sports,2,3443.53,2025-01-07,North
ORD3201,Bluetooth Speaker,Electronics,3,2498.45,2025-02-10,East
ORD3202,Yoga Mat,Sports,5,5496.41,2024-09-11,West
ORD3203,Smartwatch,Electronics,5,1091.45,2024-08-14,West
ORD3204,Non-stick Pan,Home,1,3938.03,2024-06-17,North
ORD3205,Bluetooth Speaker,Electronics,4,2563.66,2024-10-25,West
ORD3206,USB-C Cable,Electronics,4,591.49,2024-06-19,Central
ORD3207,Wireless Earbuds,Electronics,1,3644.16,2025-01-07,West
ORD3208,Sunglasses,Fashion,3,1957.1,2024-11-07,South
ORD3209,Wireless Earbuds,Electronics,1,2926.24,2025-02-21,East
ORD3210,Sunscreen SPF50,Beauty,6,4450.88,2025-02-07,East
ORD3211,Table Lamp,Home,6,1991.53,2024-08-06,East
ORD3212,Skipping Rope,Sports,5,5613.52,2025-01-21,South
ORD3213,Power Bank,Electronics,2,1073.4,2024-12-28,West
ORD3214,Leather Wallet,Fashion,5,5336.78,2024-06-24,West
ORD3215,USB-C Cable,Electronics,6,4056.84,2024-07-04,North
ORD3216,Face Serum,Beauty,2,4063.33,2024-10-08,North
ORD3217,Non-stick Pan,Home,1,5710.27,2024-12-26,East
ORD3218,Cotton Bedsheet,Home,4,5964.6,2024-10-10,South
ORD3219,Sunglasses,Fashion,6,1943.64,2024-12-29,East
ORD3220,Storage Box,Home,6,4162.02,2024-11-30,North
ORD3221,Denim Jacket,Fashion,3,3069.66,2025-02-07,East
ORD3222,Wireless Earbuds,Electronics,4,237.01,2025-02-16,East
ORD3223,Cricket Bat,Sports,2,4344.74,2025-03-09,Central
ORD3224,Lip Balm,Beauty,3,3657.11,2025-03-15,West
ORD3225,Sunglasses,Fashion,6,1245.67,2024-10-12,North
ORD3226,Cotton T-Shirt,Fashion,2,5779.22,2025-02-27,South
ORD3227,Table Lamp,Home,1,2486.29,2024-10-19,South
ORD3228,Bluetooth Speaker,Electronics,6,5802.26,2024-08-08,Central
ORD3229,Shampoo 200ml,Beauty,6,1783.62,2024-10-26,South
ORD3230,Cotton Bedsheet,Home,5,4258.01,2024-11-24,West
ORD3231,Football,Sports,4,4205.39,2024-10-23,North
ORD3232,Leather Wallet,Fashion,4,907.45,2024-12-19,East
ORD3233,Football,Sports,2,4754.52,2025-02-17,South
ORD3234,Running Shoes,Fashion,5,4801.26,2024-12-27,West
ORD3235,Wireless Earbuds,Electronics,1,3639.15,2025-01-13,Central
ORD3236,Cotton T-Shirt,Fashion,2,3739.61,2024-08-24,Central
ORD3237,Dumbbell Set,Sports,1,2368.73,2024-10-11,South
ORD3238,Bluetooth Speaker,Electronics,5,890.89,2024-11-30,Central
ORD3239,Sunglasses,Fashion,4,5822.22,2024-06-26,South
ORD3240,Sunglasses,Fashion,5,567.92,2024-11-23,East
ORD3241,Hair Dryer,Beauty,5,3472.07,2024-12-03,Central
ORD3242,Denim Jacket,Fashion,3,4119.5,2024-11-27,West
ORD3243,Running Shoes,Fashion,6,1012.21,2024-09-23,East
ORD3244,Non-stick Pan,Home,3,476.86,2025-01-26,North
ORD3245,Yoga Mat,Sports,4,5141.92,2024-09-19,North
ORD3246,Wall Clock,Home,3,3720.55,2024-10-28,South
ORD3247,Leather Wallet,Fashion,5,4534.68,2024-10-16,East
ORD3248,Yoga Mat,Sports,6,2914.62,2024-08-03,South
ORD3249,Dumbbell Set,Sports,1,3877.47,2024-07-07,South
ORD3250,Lip Balm,Beauty,6,1040.3,2025-02-17,North
ORD3251,Cotton T-Shirt,Fashion,3,4643.78,2025-03-11,Central
ORD3252,Dumbbell Set,Sports,4,3868.54,2025-01-20,North
ORD3253,Face Serum,Beauty,3,5156.04,2025-01-14,North
ORD3254,Cricket Bat,Sports,6,4370.97,2024-12-23,South
ORD3255,Sunscreen SPF50,Beauty,2,2746.14,2024-08-31,East
ORD3256,Cotton Bedsheet,Home,4,2108.05,2024-08-18,North
ORD3257,Hair Dryer,Beauty,5,457.57,2025-02-07,North
ORD3258,Hair Dryer,Beauty,5,5992.67,2024-10-02,West
ORD3259,Skipping Rope,Sports,4,3043.6,2024-11-16,South
ORD3260,Wall Clock,Home,5,3787.04,2024-09-08,West
ORD3261,Yoga Mat,Sports,5,1908.17,2024-10-20,East
ORD3262,USB-C Cable,Electronics,5,4090.72,2025-02-15,East
ORD3263,Hair Dryer,Beauty,2,3234.75,2024-12-22,South
ORD3264,Yoga Mat,Sports,1,2603.55,2024-11-28,North
ORD3265,Sunglasses,Fashion,6,3527.14,2024-08-24,West
ORD3266,Leather Wallet,Fashion,5,5012.37,2025-02-08,North
ORD3267,Cotton T-Shirt,Fashion,6,1459.7,2024-09-13,North
ORD3268,Hair Dryer,Beauty,2,566.71,2024-09-18,East
ORD3269,Lip Balm,Beauty,4,5297.17,2025-01-03,North
ORD3270,Shampoo 200ml,Beauty,3,3838.12,2024-08-12,North
ORD3271,Wireless Earbuds,Electronics,1,1153.45,2025-02-26,West
ORD3272,Sunglasses,Fashion,5,2237.14,2025-02-23,West
ORD3273,Wireless Earbuds,Electronics,3,855.65,2024-08-04,East
ORD3274,Wall Clock,Home,6,462.43,2025-01-02,South
ORD3275,USB-C Cable,Electronics,6,166.36,2024-09-19,West
ORD3276,Hair Dryer,Beauty,2,1148.04,2025-03-12,West
ORD3277,Dumbbell Set,Sports,6,5245.31,2025-02-10,East
ORD3278,Sunscreen SPF50,Beauty,2,2462.05,2025-02-19,Central
ORD3279,Lip Balm,Beauty,2,669.76,2024-11-26,South
ORD3280,Denim Jacket,Fashion,5,3028.2,2024-06-14,West
ORD3281,Leather Wallet,Fashion,5,1277.97,2024-07-20,East
ORD3282,Cotton T-Shirt,Fashion,6,3710.94,2024-07-29,Central
ORD3283,Football,Sports,6,1730.47,2025-03-22,West
ORD3284,Non-stick Pan,Home,6,1334.67,2024-10-21,North
ORD3285,Dumbbell Set,Sports,4,2763.52,2024-07-09,East
ORD3286,Sunscreen SPF50,Beauty,6,3871.57,2025-02-26,East
ORD3287,Power Bank,Electronics,1,2024.89,2024-07-27,Central
ORD3288,Non-stick Pan,Home,1,3930.93,2024-07-31,North
ORD3289,Table Lamp,Home,6,3257.83,2025-01-18,South
ORD3290,Power Bank,Electronics,3,3537.45,2024-10-19,East
ORD3291,Leather Wallet,Fashion,4,5714.9,2024-07-10,Central
ORD3292,Shampoo 200ml,Beauty,6,2835.85,2024-12-10,North
ORD3293,Smartwatch,Electronics,1,4340.82,2024-09-29,East
ORD3294,Wireless Earbuds,Electronics,1,5925.36,2024-12-18,East
ORD3295,Leather Wallet,Fashion,4,4212.16,2025-01-23,East
ORD3296,Shampoo 200ml,Beauty,3,4514.39,2024-09-07,South
ORD3297,Football,Sports,4,5848.79,2024-07-13,North
ORD3298,Running Shoes,Fashion,4,3189.96,2024-06-11,South
ORD3299,Cotton Bedsheet,Home,1,3729.95,2024-10-31,West
ORD3300,Table Lamp,Home,3,4262.4,2024-06-12,West
ORD3301,Power Bank,Electronics,3,1438.76,2025-01-23,South
ORD3302,Smartwatch,Electronics,2,4689.77,2024-10-30,South
ORD3303,Skipping Rope,Sports,1,5712.99,2025-02-26,North
ORD3304,Sunscreen SPF50,Beauty,5,1334.0,2025-03-22,West
ORD3305,Smartwatch,Electronics,1,2952.17,2024-06-26,West
ORD3306,Face Serum,Beauty,4,3682.82,2024-09-21,West
ORD3307,Face Serum,Beauty,3,3520.65,2024-10-16,North
ORD3308,Power Bank,Electronics,6,5063.14,2025-01-27,West
ORD3309,Football,Sports,6,1335.98,2025-03-22,East
ORD3310,Shampoo 200ml,Beauty,1,3471.13,2024-12-16,North
ORD3311,Football,Sports,3,3752.94,2024-07-06,South
ORD3312,Wall Clock,Home,5,1431.08,2025-02-18,West
ORD3313,Skipping Rope,Sports,3,4316.08,2025-01-18,Central
ORD3314,Skipping Rope,Sports,5,1045.81,2024-09-19,West
ORD3315,Sunglasses,Fashion,4,5919.33,2024-12-18,Central
ORD3316,Sunscreen SPF50,Beauty,4,5921.1,2025-02-13,South
ORD3317,Table Lamp,Home,1,3483.8,2025-01-12,North
ORD3318,Cotton T-Shirt,Fashion,4,4914.08,2024-11-29,North
ORD3319,Bluetooth Speaker,Electronics,2,2400.17,2024-08-17,North
ORD3320,Smartwatch,Electronics,4,2759.55,2025-02-23,North
ORD3321,Running Shoes,Fashion,5,1082.38,2025-03-01,South
ORD3322,Leather Wallet,Fashion,3,5638.48,2024-07-31,South
ORD3323,Face Serum,Beauty,4,4783.94,2024-06-29,Central
ORD3324,Denim Jacket,Fashion,6,4889.91,2024-09-19,North
ORD3325,Sunglasses,Fashion,4,3886.31,2025-01-27,Central
ORD3326,Bluetooth Speaker,Electronics,1,5309.62,2024-07-03,East
ORD3327,USB-C Cable,Electronics,6,586.18,2024-10-02,West
ORD3328,Yoga Mat,Sports,1,1763.24,2025-01-12,Central
ORD3329,Smartwatch,Electronics,4,4441.91,2024-10-23,Central
ORD3330,Running Shoes,Fashion,3,4141.77,2025-03-07,North
ORD3331,Running Shoes,Fashion,5,4599.42,2024-10-09,South
ORD3332,Hair Dryer,Beauty,5,5336.8,2024-07-08,Central
ORD3333,Storage Box,Home,5,3639.68,2024-06-11,Central
ORD3334,Football,Sports,6,442.38,2025-01-03,Central
ORD3335,Smartwatch,Electronics,3,5181.79,2025-01-06,West
ORD3336,Face Serum,Beauty,1,2939.91,2025-01-25,South
ORD3337,Cricket Bat,Sports,2,5826.54,2024-12-27,West
ORD3338,USB-C Cable,Electronics,1,2152.37,2025-02-21,East
ORD3339,Dumbbell Set,Sports,3,5993.74,2024-06-06,East
ORD3340,Football,Sports,4,4313.38,2024-11-13,West
ORD3341,Non-stick Pan,Home,1,345.87,2024-07-01,South
ORD3342,Smartwatch,Electronics,1,4516.52,2025-02-22,West
ORD3343,Power Bank,Electronics,3,3598.45,2025-01-09,South
ORD3344,Non-stick Pan,Home,5,1926.93,2025-01-26,West
ORD3345,Running Shoes,Fashion,5,1732.31,2024-11-25,Central
ORD3346,Cotton Bedsheet,Home,3,590.41,2025-03-21,North
ORD3347,Wireless Earbuds,Electronics,2,5186.14,2024-12-24,South
ORD3348,Non-stick Pan,Home,5,5035.1,2024-08-14,West
ORD3349,Shampoo 200ml,Beauty,1,3259.3,2025-03-23,East
ORD3350,Storage Box,Home,5,1157.97,2024-12-02,East
ORD3351,Denim Jacket,Fashion,6,1777.81,2025-03-03,South
ORD3352,Bluetooth Speaker,Electronics,5,3856.49,2024-07-31,North
ORD3353,Cotton T-Shirt,Fashion,4,2521.59,2024-10-20,North
ORD3354,Running Shoes,Fashion,2,3792.0,2024-12-03,East
ORD3355,Cotton Bedsheet,Home,2,2902.73,2024-06-08,Central
ORD3356,Wall Clock,Home,4,1566.95,2025-01-23,East
ORD3357,Non-stick Pan,Home,2,4136.35,2024-09-21,South
ORD3358,Denim Jacket,Fashion,3,4237.21,2024-07-20,South
ORD3359,Cricket Bat,Sports,6,2972.94,2025-03-22,West
ORD3360,Leather Wallet,Fashion,2,3377.49,2025-02-07,South
ORD3361,Non-stick Pan,Home,1,222.05,2024-10-11,East
ORD3362,Sunglasses,Fashion,1,5994.25,2024-11-04,Central
ORD3363,Wall Clock,Home,3,393.75,2025-03-05,South
ORD3364,Football,Sports,2,2287.09,2024-11-25,Central
ORD3365,Sunscreen SPF50,Beauty,5,1257.26,2025-01-18,North
ORD3366,Sunscreen SPF50,Beauty,6,3892.8,2025-02-15,West
ORD3367,Storage Box,Home,1,3212.92,2024-12-06,East
ORD3368,Dumbbell Set,Sports,6,944.92,2024-08-13,South
ORD3369,Power Bank,Electronics,4,2333.66,2024-06-11,North
ORD3370,Smartwatch,Electronics,2,5123.17,2025-01-17,North
ORD3371,Non-stick Pan,Home,1,5002.17,2024-10-25,West
ORD3372,Lip Balm,Beauty,4,5129.43,2025-03-06,Central
ORD3373,Sunscreen SPF50,Beauty,6,3002.19,2024-09-30,West
ORD3374,Skipping Rope,Sports,5,2914.35,2025-02-24,North
ORD3375,Denim Jacket,Fashion,5,1228.22,2025-03-26,Central
ORD3376,Bluetooth Speaker,Electronics,6,1027.71,2024-09-23,Central
ORD3377,Lip Balm,Beauty,4,4174.41,2024-12-04,South
ORD3378,Shampoo 200ml,Beauty,3,4867.65,2024-11-18,North
ORD3379,Non-stick Pan,Home,4,1054.92,2024-08-26,South
ORD3380,USB-C Cable,Electronics,6,1352.25,2024-10-22,West
ORD3381,Cotton T-Shirt,Fashion,2,3590.3,2024-12-15,North
ORD3382,Wall Clock,Home,1,2768.27,2025-03-14,West
ORD3383,Power Bank,Electronics,5,3616.84,2024-09-12,Central
ORD3384,Cricket Bat,Sports,3,584.3,2024-12-14,Central
ORD3385,Wall Clock,Home,6,1038.98,2024-08-12,North
ORD3386,Sunscreen SPF50,Beauty,5,3170.34,2024-12-11,North
ORD3387,Denim Jacket,Fashion,4,3115.06,2025-02-09,North
ORD3388,Bluetooth Speaker,Electronics,4,3957.93,2024-06-07,East
ORD3389,Hair Dryer,Beauty,3,3960.35,2024-12-30,South
ORD3390,Running Shoes,Fashion,6,3550.43,2024-11-01,North
ORD3391,Cotton Bedsheet,Home,3,1133.45,2025-02-26,Central
ORD3392,Skipping Rope,Sports,6,4792.54,2024-06-01,Central
ORD3393,Skipping Rope,Sports,4,4610.78,2025-02-24,North
ORD3394,Wireless Earbuds,Electronics,4,731.85,2024-08-29,South
ORD3395,Face Serum,Beauty,2,4712.75,2024-12-29,Central
ORD3396,USB-C Cable,Electronics,6,2102.11,2025-03-13,Central
ORD3397,Cotton T-Shirt,Fashion,3,1375.11,2025-02-05,South
ORD3398,Bluetooth Speaker,Electronics,2,2674.47,2025-02-09,West
ORD3399,Sunscreen SPF50,Beauty,5,4720.83,2024-09-23,North
ORD3400,Yoga Mat,Sports,6,5545.07,2024-06-29,East
ORD3401,Wall Clock,Home,3,4235.81,2024-06-24,Central
ORD3402,Hair Dryer,Beauty,4,2077.28,2024-12-10,Central
ORD3403,Denim Jacket,Fashion,1,3398.65,2025-03-12,North
ORD3404,USB-C Cable,Electronics,6,2914.27,2025-01-23,South
ORD3405,Yoga Mat,Sports,6,5728.95,2024-09-25,North
ORD3406,Bluetooth Speaker,Electronics,4,2237.31,2025-01-12,East
ORD3407,Face Serum,Beauty,2,484.98,2024-09-17,North
ORD3408,Table Lamp,Home,4,3237.77,2025-01-16,North
ORD3409,Denim Jacket,Fashion,6,1580.31,2024-08-11,West
ORD3410,Sunglasses,Fashion,5,3375.73,2024-07-11,Central
ORD3411,Sunglasses,Fashion,2,291.43,2024-09-20,North
ORD3412,Running Shoes,Fashion,4,2162.81,2025-01-19,South
ORD3413,Face Serum,Beauty,5,5345.93,2024-07-23,North
ORD3414,Cricket Bat,Sports,2,716.65,2024-06-22,North
ORD3415,Power Bank,Electronics,5,4004.05,2024-09-01,East
ORD3416,Bluetooth Speaker,Electronics,4,5224.53,2024-08-26,South
ORD3417,Wall Clock,Home,6,255.33,2024-09-19,West
ORD3418,Bluetooth Speaker,Electronics,1,5125.84,2025-03-14,North
ORD3419,Cricket Bat,Sports,1,587.28,2024-10-20,West
ORD3420,Football,Sports,1,5212.04,2024-09-29,West
ORD3421,Power Bank,Electronics,4,985.53,2025-02-07,South
ORD3422,Smartwatch,Electronics,3,434.11,2025-03-20,Central
ORD3423,Power Bank,Electronics,6,5078.55,2024-09-13,East
ORD3424,Cotton Bedsheet,Home,2,2270.16,2024-07-28,West
ORD3425,Storage Box,Home,2,2053.93,2024-07-05,North
ORD3426,Sunglasses,Fashion,3,2360.52,2024-08-01,West
ORD3427,Table Lamp,Home,3,4043.42,2024-11-21,North
ORD3428,Cotton Bedsheet,Home,6,884.62,2024-12-20,West
ORD3429,Table Lamp,Home,5,5034.2,2024-08-16,East
ORD3430,Power Bank,Electronics,3,696.18,2024-09-12,East
ORD3431,Football,Sports,4,2123.99,2024-09-30,Central
ORD3432,Bluetooth Speaker,Electronics,4,1467.93,2025-02-20,East
ORD3433,Lip Balm,Beauty,2,1444.52,2024-07-22,Central
ORD3434,Sunglasses,Fashion,1,4260.04,2024-06-15,Central
ORD3435,Running Shoes,Fashion,4,978.44,2024-12-11,West
ORD3436,Running Shoes,Fashion,1,4323.2,2025-01-07,Central
ORD3437,Table Lamp,Home,3,2439.27,2024-06-03,North
ORD3438,Wall Clock,Home,3,4645.95,2024-12-07,East
ORD3439,Cricket Bat,Sports,4,5183.04,2024-10-26,South
ORD3440,Wireless Earbuds,Electronics,5,767.47,2024-06-11,South
ORD3441,Cotton Bedsheet,Home,1,705.3,2024-11-26,North
ORD3442,Skipping Rope,Sports,5,5598.21,2024-06-04,West
ORD3443,USB-C Cable,Electronics,1,5132.12,2024-11-26,North
ORD3444,Lip Balm,Beauty,1,5526.97,2025-03-24,South
ORD3445,Shampoo 200ml,Beauty,4,3858.89,2024-06-11,East
ORD3446,Face Serum,Beauty,4,3937.89,2024-08-14,Central
ORD3447,Denim Jacket,Fashion,6,3683.96,2025-01-07,East
ORD3448,Hair Dryer,Beauty,6,5241.81,2025-03-13,West
ORD3449,Table Lamp,Home,2,5346.34,2024-10-10,Central
ORD3450,Face Serum,Beauty,1,4996.17,2024-12-14,East
ORD3451,Non-stick Pan,Home,4,2353.08,2024-10-30,North
ORD3452,Cotton T-Shirt,Fashion,2,4377.11,2025-01-27,North
ORD3453,Football,Sports,3,2122.13,2024-07-03,East
ORD3454,Sunglasses,Fashion,3,2227.51,2025-03-14,North
ORD3455,Bluetooth Speaker,Electronics,6,3760.69,2024-06-10,West
ORD3456,Cricket Bat,Sports,3,2902.25,2024-11-09,West
ORD3457,Denim Jacket,Fashion,4,4174.38,2024-10-09,South
ORD3458,Face Serum,Beauty,1,5730.52,2024-06-13,Central
ORD3459,Dumbbell Set,Sports,3,2041.9,2025-02-23,North
ORD3460,Leather Wallet,Fashion,6,1888.2,2024-06-22,South
ORD3461,Storage Box,Home,1,2722.19,2024-07-28,West
ORD3462,Power Bank,Electronics,1,1129.34,2024-12-03,South
ORD3463,Cotton T-Shirt,Fashion,2,4015.34,2024-07-12,South
ORD3464,Running Shoes,Fashion,4,2614.38,2024-09-04,Central
ORD3465,USB-C Cable,Electronics,3,1900.14,2024-07-06,West
ORD3466,Cotton T-Shirt,Fashion,6,334.74,2024-12-16,South
ORD3467,Hair Dryer,Beauty,1,2203.32,2025-03-09,East
ORD3468,Dumbbell Set,Sports,5,814.63,2024-09-05,Central
ORD3469,Cotton Bedsheet,Home,5,4495.94,2024-07-23,North
ORD3470,Dumbbell Set,Sports,5,2626.22,2024-11-29,West
ORD3471,Bluetooth Speaker,Electronics,1,4721.43,2024-12-13,East
ORD3472,Lip Balm,Beauty,6,2541.44,2025-02-01,West
ORD3473,Leather Wallet,Fashion,5,4927.08,2024-12-13,South
ORD3474,Running Shoes,Fashion,5,1679.68,2024-11-28,North
ORD3475,Smartwatch,Electronics,2,4796.62,2025-03-21,Central
ORD3476,Dumbbell Set,Sports,3,2890.77,2024-06-08,Central
ORD3477,Dumbbell Set,Sports,5,2676.79,2024-06-05,South
ORD3478,Cricket Bat,Sports,6,2109.44,2024-07-25,East
ORD3479,Wall Clock,Home,6,5171.18,2024-11-13,East
ORD3480,Table Lamp,Home,2,1236.1,2025-03-05,West
ORD3481,Sunglasses,Fashion,1,3289.83,2024-08-02,Central
ORD3482,Yoga Mat,Sports,3,1236.21,2024-09-14,Central
ORD3483,Smartwatch,Electronics,2,238.41,2025-01-08,West
ORD3484,Table Lamp,Home,6,4073.85,2024-09-24,North
ORD3485,Wall Clock,Home,5,1843.63,2024-07-24,West
ORD3486,Shampoo 200ml,Beauty,4,3615.95,2024-07-04,Central
ORD3487,Wireless Earbuds,Electronics,3,224.31,2025-02-06,North
ORD3488,Football,Sports,1,3670.98,2025-02-04,East
ORD3489,Cotton T-Shirt,Fashion,6,1772.48,2025-01-10,Central
ORD3490,Smartwatch,Electronics,2,3132.53,2025-01-09,West
ORD3491,Wall Clock,Home,6,1935.35,2024-07-30,East
ORD3492,Leather Wallet,Fashion,4,2633.97,2024-11-09,Central
ORD3493,Hair Dryer,Beauty,2,3444.7,2024-09-01,West
ORD3494,Cotton Bedsheet,Home,6,2933.83,2024-08-25,East
ORD3495,Storage Box,Home,1,1265.33,2024-07-11,Central
ORD3496,Smartwatch,Electronics,4,2522.17,2024-11-12,North
ORD3497,Running Shoes,Fashion,6,1516.4,2024-09-06,North
ORD3498,Shampoo 200ml,Beauty,5,3963.48,2024-09-27,South
ORD3499,Skipping Rope,Sports,4,2400.2,2025-03-08,North
ORD3500,Face Serum,Beauty,3,4890.55,2024-07-15,Central
ORD3501,Power Bank,Electronics,1,1086.83,2024-10-16,South
ORD3502,Storage Box,Home,6,1555.84,2024-10-07,South
ORD3503,Sunscreen SPF50,Beauty,5,414.77,2024-09-20,North
ORD3504,Cricket Bat,Sports,2,1830.37,2024-09-05,East
ORD3505,Face Serum,Beauty,4,4535.23,2024-08-13,West
ORD3506,Wireless Earbuds,Electronics,1,4481.61,2024-10-25,West
ORD3507,Sunscreen SPF50,Beauty,1,2754.62,2024-10-09,West
ORD3508,Football,Sports,2,4437.97,2024-11-07,North
ORD3509,Cotton T-Shirt,Fashion,3,4791.98,2024-12-31,East
ORD3510,Sunscreen SPF50,Beauty,1,3963.66,2024-12-20,Central
ORD3511,Cricket Bat,Sports,5,1180.32,2024-12-24,South
ORD3512,Face Serum,Beauty,1,3340.81,2025-02-23,Central
ORD3513,Denim Jacket,Fashion,5,1286.91,2024-08-03,East
ORD3514,Cricket Bat,Sports,4,3116.55,2024-07-24,West
ORD3515,Leather Wallet,Fashion,1,3186.63,2024-06-25,East
ORD3516,USB-C Cable,Electronics,6,3781.8,2024-08-06,East
ORD3517,Leather Wallet,Fashion,6,1229.81,2025-02-25,South
ORD3518,Face Serum,Beauty,4,1350.57,2024-12-11,North
ORD3519,Football,Sports,2,4619.99,2025-01-09,South
ORD3520,Smartwatch,Electronics,5,1291.61,2024-07-18,Central
ORD3521,Bluetooth Speaker,Electronics,4,5478.76,2024-08-17,Central
ORD3522,Wall Clock,Home,6,5974.43,2024-11-04,East
ORD3523,Bluetooth Speaker,Electronics,1,4690.95,2025-02-24,South
ORD3524,Sunglasses,Fashion,1,3979.01,2024-12-23,East
ORD3525,Shampoo 200ml,Beauty,3,3546.69,2025-01-31,South
ORD3526,Football,Sports,5,4887.86,2024-09-13,South
ORD3527,Sunscreen SPF50,Beauty,6,1093.99,2025-02-05,Central
ORD3528,USB-C Cable,Electronics,1,2278.11,2024-09-15,Central
ORD3529,Non-stick Pan,Home,6,3097.54,2024-10-06,North
ORD3530,Table Lamp,Home,2,2475.52,2024-07-03,West
ORD3531,Bluetooth Speaker,Electronics,2,3096.4,2024-07-08,West
ORD3532,Football,Sports,4,228.04,2025-02-17,West
ORD3533,Sunglasses,Fashion,1,2911.65,2024-12-29,East
ORD3534,Skipping Rope,Sports,1,172.23,2024-06-16,South
ORD3535,Yoga Mat,Sports,4,2962.52,2024-07-09,South
ORD3536,Skipping Rope,Sports,6,1573.58,2024-09-22,Central
ORD3537,Cricket Bat,Sports,6,3468.85,2024-06-30,Central
ORD3538,Cotton Bedsheet,Home,4,3930.55,2025-02-20,North
ORD3539,Leather Wallet,Fashion,5,2187.98,2024-11-10,South
ORD3540,Hair Dryer,Beauty,5,4415.36,2024-10-03,South
ORD3541,Power Bank,Electronics,2,3849.18,2025-02-17,West
ORD3542,Wireless Earbuds,Electronics,3,2676.12,2024-08-21,South
ORD3543,Power Bank,Electronics,4,3382.36,2024-07-04,Central
ORD3544,Leather Wallet,Fashion,4,368.83,2024-07-14,East
ORD3545,Bluetooth Speaker,Electronics,5,5341.15,2024-06-01,East
ORD3546,Leather Wallet,Fashion,1,5952.54,2024-08-21,North
ORD3547,Dumbbell Set,Sports,4,899.74,2025-03-08,West
ORD3548,Sunglasses,Fashion,3,2505.76,2024-09-18,West
ORD3549,Skipping Rope,Sports,4,4260.42,2025-02-01,South
ORD3550,Storage Box,Home,4,5817.84,2024-06-13,West
ORD3551,Wall Clock,Home,6,4166.52,2024-07-04,South
ORD3552,Hair Dryer,Beauty,5,5179.9,2024-06-26,West
ORD3553,Leather Wallet,Fashion,3,585.55,2024-12-29,Central
ORD3554,Cricket Bat,Sports,6,1432.93,2024-12-30,West
ORD3555,Cotton Bedsheet,Home,4,4486.82,2024-12-08,West
ORD3556,USB-C Cable,Electronics,3,2218.24,2024-11-23,West
ORD3557,Shampoo 200ml,Beauty,6,3051.41,2025-02-24,East
ORD3558,Dumbbell Set,Sports,6,3714.9,2024-11-21,Central
ORD3559,Storage Box,Home,1,3283.98,2025-02-18,South
ORD3560,Lip Balm,Beauty,3,3316.76,2025-03-17,South
ORD3561,Wall Clock,Home,4,369.56,2024-08-06,East
ORD3562,Cotton T-Shirt,Fashion,1,1217.13,2024-12-17,West
ORD3563,Bluetooth Speaker,Electronics,1,5918.65,2025-02-20,South
ORD3564,Cricket Bat,Sports,5,3399.04,2024-07-07,West
ORD3565,Wireless Earbuds,Electronics,2,2713.23,2024-12-28,South
ORD3566,Wall Clock,Home,3,164.94,2025-02-16,North
ORD3567,Denim Jacket,Fashion,4,1644.45,2024-08-20,West
ORD3568,Skipping Rope,Sports,1,3148.17,2024-12-10,East
ORD3569,Running Shoes,Fashion,1,3215.45,2024-07-23,Central
ORD3570,Football,Sports,1,5219.76,2025-02-13,South
ORD3571,Dumbbell Set,Sports,6,618.45,2024-08-05,Central
ORD3572,Running Shoes,Fashion,2,4106.05,2024-12-05,Central
ORD3573,Denim Jacket,Fashion,3,5425.41,2024-07-04,West
ORD3574,Leather Wallet,Fashion,3,2284.59,2025-01-30,East
ORD3575,Football,Sports,2,3862.42,2025-03-12,North
ORD3576,Power Bank,Electronics,6,4527.06,2024-06-02,East
ORD3577,Face Serum,Beauty,3,5945.78,2025-02-01,South
ORD3578,Cricket Bat,Sports,1,447.14,2024-12-25,North
ORD3579,Power Bank,Electronics,4,4994.08,2024-12-26,North
ORD3580,Denim Jacket,Fashion,1,2726.96,2024-12-25,North
ORD3581,Non-stick Pan,Home,3,4207.67,2024-12-10,Central
ORD3582,Hair Dryer,Beauty,1,3135.05,2024-10-29,South
ORD3583,Storage Box,Home,5,5854.42,2024-11-16,West
ORD3584,Cotton T-Shirt,Fashion,3,2450.21,2024-06-09,West
ORD3585,Dumbbell Set,Sports,3,4682.71,2024-09-01,West
ORD3586,Smartwatch,Electronics,2,1527.48,2025-02-24,Central
ORD3587,Non-stick Pan,Home,5,4270.91,2025-01-09,Central
ORD3588,Shampoo 200ml,Beauty,6,443.55,2024-07-30,Central
ORD3589,Lip Balm,Beauty,5,3402.45,2024-10-26,North
ORD3590,Running Shoes,Fashion,2,2601.36,2024-09-23,East
ORD3591,Football,Sports,3,2101.82,2024-08-10,West
ORD3592,USB-C Cable,Electronics,2,5219.49,2024-06-29,South
ORD3593,Wall Clock,Home,2,5293.17,2024-10-28,East
ORD3594,Table Lamp,Home,6,1105.45,2024-09-10,East
ORD3595,Cotton T-Shirt,Fashion,4,3698.95,2024-06-16,North
ORD3596,Sunscreen SPF50,Beauty,3,2496.29,2025-03-13,West
ORD3597,Cotton Bedsheet,Home,1,2382.3,2024-09-16,West
ORD3598,Leather Wallet,Fashion,5,5854.96,2025-01-13,North
ORD3599,Running Shoes,Fashion,1,1816.19,2024-09-29,West
ORD3600,Shampoo 200ml,Beauty,4,5733.21,2025-02-05,Central
ORD3601,Sunglasses,Fashion,6,4205.22,2024-09-12,South
ORD3602,Non-stick Pan,Home,5,2390.73,2024-09-20,West
ORD3603,USB-C Cable,Electronics,4,2909.17,2024-11-16,West
ORD3604,Yoga Mat,Sports,2,326.13,2024-11-04,East
ORD3605,Running Shoes,Fashion,2,3297.84,2024-10-21,East
ORD3606,Wall Clock,Home,6,3240.68,2024-12-11,Central
ORD3607,Shampoo 200ml,Beauty,5,1781.16,2024-08-01,South
ORD3608,Shampoo 200ml,Beauty,4,1726.79,2025-03-07,Central
ORD3609,Hair Dryer,Beauty,5,5942.48,2024-12-18,Central
ORD3610,USB-C Cable,Electronics,4,3181.57,2024-09-27,Central
ORD3611,Smartwatch,Electronics,1,3304.5,2024-10-01,East
ORD3612,Yoga Mat,Sports,6,4390.28,2024-10-25,Central
ORD3613,Smartwatch,Electronics,3,1673.41,2024-10-21,South
ORD3614,Face Serum,Beauty,4,955.59,2024-11-01,East
ORD3615,Denim Jacket,Fashion,4,3430.21,2024-07-03,North
ORD3616,Cricket Bat,Sports,3,2841.39,2024-08-23,Central
ORD3617,Lip Balm,Beauty,1,2819.79,2024-07-17,Central
ORD3618,Wall Clock,Home,1,5599.73,2024-12-13,North
ORD3619,Storage Box,Home,5,1134.79,2025-03-14,North
ORD3620,Non-stick Pan,Home,4,3210.69,2024-07-29,North
ORD3621,Cricket Bat,Sports,5,3044.62,2025-01-22,North
ORD3622,Lip Balm,Beauty,1,771.92,2025-03-22,Central
ORD3623,Wall Clock,Home,6,1164.05,2024-11-13,West
ORD3624,Hair Dryer,Beauty,4,4195.94,2024-11-03,West
ORD3625,Table Lamp,Home,4,4699.58,2024-07-05,Central
ORD3626,Sunscreen SPF50,Beauty,4,2527.36,2025-01-12,Central
ORD3627,Face Serum,Beauty,4,5426.91,2024-09-24,Central
ORD3628,Sunscreen SPF50,Beauty,5,848.37,2024-06-06,South
ORD3629,Storage Box,Home,2,1922.82,2025-02-20,West
ORD3630,Running Shoes,Fashion,5,1629.26,2024-12-21,East
ORD3631,Sunglasses,Fashion,4,2797.17,2024-11-08,South
ORD3632,Lip Balm,Beauty,3,5788.13,2024-10-06,East
ORD3633,Cricket Bat,Sports,3,753.63,2024-07-26,West
ORD3634,Sunscreen SPF50,Beauty,1,5444.57,2024-06-17,North
ORD3635,Wall Clock,Home,5,1609.77,2024-10-09,Central
ORD3636,Wall Clock,Home,1,5515.17,2024-08-23,North
ORD3637,Denim Jacket,Fashion,4,2029.87,2024-10-26,East
ORD3638,Hair Dryer,Beauty,4,3771.1,2024-06-21,North
ORD3639,USB-C Cable,Electronics,2,5277.84,2024-09-05,North
ORD3640,Denim Jacket,Fashion,3,235.3,2024-10-18,North
ORD3641,Leather Wallet,Fashion,3,3157.07,2024-10-15,South
ORD3642,Shampoo 200ml,Beauty,5,2590.87,2024-07-18,South
ORD3643,Shampoo 200ml,Beauty,6,5735.87,2025-03-20,South
ORD3644,Cotton Bedsheet,Home,2,4999.45,2025-01-10,Central
ORD3645,Denim Jacket,Fashion,1,698.02,2024-10-16,East
ORD3646,Leather Wallet,Fashion,4,5784.46,2024-07-13,West
ORD3647,Wall Clock,Home,6,4662.28,2024-06-28,West
ORD3648,Running Shoes,Fashion,1,1400.76,2025-03-01,East
ORD3649,Power Bank,Electronics,2,4059.94,2024-12-26,East
ORD3650,Cotton Bedsheet,Home,3,3862.05,2025-01-06,East
ORD3651,Cotton T-Shirt,Fashion,4,4524.45,2024-08-05,North
ORD3652,Wall Clock,Home,3,4463.95,2024-12-28,West
ORD3653,Storage Box,Home,3,1920.88,2024-06-27,North
ORD3654,Skipping Rope,Sports,5,1161.38,2025-02-17,Central
ORD3655,Smartwatch,Electronics,6,1379.42,2024-11-18,South
ORD3656,Cotton T-Shirt,Fashion,2,2155.68,2025-01-07,South
ORD3657,Football,Sports,6,3932.14,2025-02-10,Central
ORD3658,Bluetooth Speaker,Electronics,5,1809.79,2025-01-19,East
ORD3659,Bluetooth Speaker,Electronics,6,4623.48,2024-06-23,West
ORD3660,Sunglasses,Fashion,1,3092.5,2024-11-10,North
ORD3661,Sunglasses,Fashion,2,4068.78,2024-06-27,East
ORD3662,Cotton T-Shirt,Fashion,4,4317.64,2024-07-10,South
ORD3663,Power Bank,Electronics,5,285.04,2025-01-07,North
ORD3664,USB-C Cable,Electronics,6,2190.35,2025-01-19,South
ORD3665,Sunscreen SPF50,Beauty,3,1544.65,2024-06-01,South
ORD3666,Smartwatch,Electronics,5,1746.3,2024-11-06,South
ORD3667,Cricket Bat,Sports,3,5368.42,2024-08-05,Central
ORD3668,Smartwatch,Electronics,3,4085.65,2024-07-02,Central
ORD3669,Cotton Bedsheet,Home,1,3513.7,2024-06-25,West
ORD3670,Football,Sports,2,238.29,2024-11-23,South
ORD3671,Yoga Mat,Sports,1,1553.38,2024-10-18,South
ORD3672,Wall Clock,Home,2,5297.6,2024-08-12,North
ORD3673,Cotton T-Shirt,Fashion,6,2300.99,2024-11-25,West
ORD3674,Wall Clock,Home,3,3700.95,2024-12-08,West
ORD3675,Leather Wallet,Fashion,5,4194.94,2024-09-26,Central
ORD3676,Wall Clock,Home,5,4671.35,2024-09-15,North
ORD3677,USB-C Cable,Electronics,6,2203.96,2025-03-04,Central
ORD3678,Cricket Bat,Sports,4,3349.63,2025-02-27,South
ORD3679,Yoga Mat,Sports,6,5101.92,2024-11-22,West
ORD3680,Wall Clock,Home,2,3683.39,2025-02-21,South
ORD3681,Wireless Earbuds,Electronics,5,3674.68,2025-01-08,East
ORD3682,Skipping Rope,Sports,3,2514.64,2024-06-10,West
ORD3683,Cotton T-Shirt,Fashion,4,1070.59,2024-11-11,West
ORD3684,Face Serum,Beauty,2,5486.37,2025-01-16,North
ORD3685,Skipping Rope,Sports,4,2236.58,2025-01-18,East
ORD3686,USB-C Cable,Electronics,5,5243.51,2024-08-07,North
ORD3687,Lip Balm,Beauty,6,5451.62,2024-06-24,East
ORD3688,Hair Dryer,Beauty,1,5337.01,2024-10-26,South
ORD3689,Yoga Mat,Sports,6,2483.57,2024-10-11,Central
ORD3690,Leather Wallet,Fashion,4,1262.34,2024-08-25,North
ORD3691,Non-stick Pan,Home,6,4797.39,2024-10-16,North
ORD3692,Sunscreen SPF50,Beauty,6,742.26,2025-02-03,North
ORD3693,Skipping Rope,Sports,6,4085.05,2024-08-01,North
ORD3694,Table Lamp,Home,2,4580.29,2025-02-06,South
ORD3695,Yoga Mat,Sports,6,2459.49,2024-10-08,South
ORD3696,Face Serum,Beauty,6,4693.26,2024-12-18,West
ORD3697,Lip Balm,Beauty,4,537.75,2024-06-15,West
ORD3698,Dumbbell Set,Sports,3,1220.26,2024-11-22,West
ORD3699,Denim Jacket,Fashion,6,4287.4,2025-03-06,South
ORD3700,Bluetooth Speaker,Electronics,1,3960.8,2024-07-09,West
ORD3701,USB-C Cable,Electronics,2,1194.07,2024-11-17,South
ORD3702,Yoga Mat,Sports,1,5058.87,2025-02-08,East
ORD3703,Power Bank,Electronics,4,4311.35,2024-10-16,South
ORD3704,USB-C Cable,Electronics,4,291.58,2024-10-30,South
ORD3705,Dumbbell Set,Sports,1,2477.26,2024-08-11,South
ORD3706,Non-stick Pan,Home,4,5045.14,2024-10-08,East
ORD3707,Face Serum,Beauty,1,2377.56,2024-12-19,North
ORD3708,Shampoo 200ml,Beauty,6,1535.85,2025-01-19,Central
ORD3709,Skipping Rope,Sports,2,573.54,2024-08-02,Central
ORD3710,Wireless Earbuds,Electronics,1,2835.92,2024-06-14,Central
ORD3711,Leather Wallet,Fashion,5,4888.22,2025-02-28,North
ORD3712,Wireless Earbuds,Electronics,4,506.58,2024-11-24,West
ORD3713,Leather Wallet,Fashion,6,5238.89,2025-01-06,East
ORD3714,Cricket Bat,Sports,4,4574.62,2025-01-17,Central
ORD3715,Bluetooth Speaker,Electronics,6,1465.77,2025-01-23,East
ORD3716,Cricket Bat,Sports,4,5600.25,2024-07-13,North
ORD3717,Skipping Rope,Sports,6,3770.38,2024-09-20,West
ORD3718,Cricket Bat,Sports,5,4339.95,2024-12-23,East
ORD3719,Cotton Bedsheet,Home,1,3297.57,2024-10-26,East
ORD3720,Cotton Bedsheet,Home,3,5280.32,2024-06-13,East
ORD3721,Skipping Rope,Sports,2,302.34,2025-01-24,North
ORD3722,Wireless Earbuds,Electronics,2,2447.0,2025-01-26,East
ORD3723,Cotton T-Shirt,Fashion,4,2181.22,2025-01-09,East
ORD3724,Power Bank,Electronics,2,3244.67,2024-11-22,North
ORD3725,Power Bank,Electronics,2,4948.14,2024-09-12,North
ORD3726,Non-stick Pan,Home,5,1108.55,2025-01-30,South
ORD3727,Sunscreen SPF50,Beauty,6,1601.95,2024-06-15,Central
ORD3728,Smartwatch,Electronics,5,5609.41,2024-06-07,Central
ORD3729,Football,Sports,6,612.59,2024-08-25,East
ORD3730,Yoga Mat,Sports,3,1931.61,2024-09-27,North
ORD3731,Lip Balm,Beauty,6,4999.25,2025-01-24,West
ORD3732,Table Lamp,Home,1,931.2,2024-07-25,West
ORD3733,Yoga Mat,Sports,1,3453.3,2024-07-19,West
ORD3734,Shampoo 200ml,Beauty,2,5490.23,2024-08-05,North
ORD3735,Denim Jacket,Fashion,4,2981.37,2025-01-18,North
ORD3736,Wireless Earbuds,Electronics,4,4624.25,2024-12-20,Central
ORD3737,Hair Dryer,Beauty,6,2683.89,2025-01-01,East
ORD3738,Smartwatch,Electronics,4,5335.28,2024-11-27,Central
ORD3739,Leather Wallet,Fashion,5,3480.24,2024-09-07,West
ORD3740,Denim Jacket,Fashion,3,1158.51,2025-01-22,West
ORD3741,Hair Dryer,Beauty,5,5032.4,2025-02-07,West
ORD3742,Wall Clock,Home,3,667.36,2024-12-15,North
ORD3743,Cotton Bedsheet,Home,6,3957.26,2025-02-01,North
ORD3744,Smartwatch,Electronics,6,4388.31,2024-11-28,North
ORD3745,Face Serum,Beauty,3,3918.18,2024-07-20,Central
ORD3746,Football,Sports,6,4054.46,2024-09-22,South
ORD3747,Table Lamp,Home,6,1945.7,2025-02-07,South
ORD3748,Sunglasses,Fashion,4,590.52,2024-07-17,East
ORD3749,Cricket Bat,Sports,6,4155.64,2024-09-26,South
ORD3750,Cricket Bat,Sports,1,2452.25,2025-03-24,North
ORD3751,Sunscreen SPF50,Beauty,5,4450.4,2025-02-16,North
ORD3752,Leather Wallet,Fashion,4,463.38,2024-09-07,North
ORD3753,Skipping Rope,Sports,1,2205.45,2024-07-13,Central
ORD3754,Non-stick Pan,Home,2,1753.55,2025-03-18,South
ORD3755,Sunscreen SPF50,Beauty,3,2695.44,2024-07-02,Central
ORD3756,Shampoo 200ml,Beauty,5,3829.63,2024-10-06,East
ORD3757,Sunscreen SPF50,Beauty,3,5427.34,2024-10-12,North
ORD3758,Shampoo 200ml,Beauty,4,993.84,2025-03-02,West
ORD3759,Denim Jacket,Fashion,1,3760.82,2024-10-25,West
ORD3760,Denim Jacket,Fashion,5,3895.64,2024-08-11,West
ORD3761,Dumbbell Set,Sports,6,1915.74,2025-02-03,North
ORD3762,Dumbbell Set,Sports,5,5113.93,2024-07-24,West
ORD3763,Wall Clock,Home,6,3597.01,2025-03-12,East
ORD3764,Cotton T-Shirt,Fashion,5,4769.29,2024-12-11,South
ORD3765,Shampoo 200ml,Beauty,2,1455.98,2024-09-04,East
ORD3766,Yoga Mat,Sports,2,4071.86,2025-03-14,West
ORD3767,Shampoo 200ml,Beauty,2,1705.82,2024-10-10,North
ORD3768,Football,Sports,6,1626.01,2025-01-26,West
ORD3769,Denim Jacket,Fashion,2,1924.6,2024-12-23,Central
ORD3770,Running Shoes,Fashion,4,3617.4,2024-07-05,West
ORD3771,Running Shoes,Fashion,4,760.23,2024-12-08,South
ORD3772,Cricket Bat,Sports,3,1674.22,2025-01-19,North
ORD3773,Running Shoes,Fashion,6,284.6,2025-01-12,East
ORD3774,Sunglasses,Fashion,1,2985.47,2025-01-01,East
ORD3775,Football,Sports,5,1893.98,2024-09-24,Central
ORD3776,Table Lamp,Home,2,2818.4,2024-06-24,West
ORD3777,Dumbbell Set,Sports,2,2198.36,2024-10-25,Central
ORD3778,Cotton Bedsheet,Home,3,2269.5,2024-10-25,Central
ORD3779,Yoga Mat,Sports,4,5255.01,2024-09-05,East
ORD3780,Non-stick Pan,Home,1,3000.14,2024-11-28,East
ORD3781,Face Serum,Beauty,3,727.43,2025-03-24,North
ORD3782,Wireless Earbuds,Electronics,3,4090.46,2025-01-23,South
ORD3783,Yoga Mat,Sports,6,1141.11,2025-03-23,Central
ORD3784,Non-stick Pan,Home,5,1614.85,2025-03-14,North
ORD3785,Bluetooth Speaker,Electronics,4,2927.73,2024-08-09,West
ORD3786,Face Serum,Beauty,3,2403.28,2025-02-12,East
ORD3787,Wall Clock,Home,1,5023.43,2024-07-20,West
ORD3788,Cotton T-Shirt,Fashion,4,3484.04,2024-10-08,North
ORD3789,Yoga Mat,Sports,6,1274.95,2025-03-03,Central
ORD3790,Cotton Bedsheet,Home,5,3866.0,2024-12-24,East
ORD3791,USB-C Cable,Electronics,5,4618.49,2024-11-14,Central
ORD3792,Running Shoes,Fashion,2,4213.03,2024-10-04,West
ORD3793,Lip Balm,Beauty,3,891.48,2024-12-30,East
ORD3794,Football,Sports,2,3219.37,2024-08-26,South
ORD3795,Football,Sports,3,2605.72,2024-12-29,North
ORD3796,USB-C Cable,Electronics,1,2285.58,2025-03-06,North
ORD3797,USB-C Cable,Electronics,5,3142.03,2024-06-04,South
ORD3798,Wireless Earbuds,Electronics,3,5577.29,2025-01-20,Central
ORD3799,Wall Clock,Home,4,5211.81,2025-02-01,South
ORD3800,Table Lamp,Home,2,208.97,2024-07-07,North
ORD3801,Yoga Mat,Sports,4,3490.95,2024-08-27,South
ORD3802,Wall Clock,Home,4,2364.0,2024-12-18,South
ORD3803,Smartwatch,Electronics,3,554.2,2024-07-05,Central
ORD3804,Yoga Mat,Sports,4,165.26,2024-08-04,West
ORD3805,Wall Clock,Home,6,1124.98,2024-11-05,South
ORD3806,Football,Sports,2,2092.98,2024-09-30,East
ORD3807,Dumbbell Set,Sports,6,5309.85,2024-09-11,Central
ORD3808,Skipping Rope,Sports,4,3922.46,2024-10-16,Central
ORD3809,Cotton T-Shirt,Fashion,5,667.41,2024-08-12,South
ORD3810,Non-stick Pan,Home,3,5117.71,2025-02-14,East
ORD3811,Sunscreen SPF50,Beauty,5,3949.33,2024-10-13,West
ORD3812,Wall Clock,Home,5,720.06,2025-01-09,North
ORD3813,Yoga Mat,Sports,3,2028.9,2025-03-12,West
ORD3814,Denim Jacket,Fashion,1,4234.47,2024-08-16,Central
ORD3815,Face Serum,Beauty,3,4359.51,2024-06-30,Central
ORD3816,Running Shoes,Fashion,4,2887.89,2024-11-15,South
ORD3817,Bluetooth Speaker,Electronics,4,3635.42,2025-02-16,Central
ORD3818,Smartwatch,Electronics,3,5127.24,2025-03-05,North
ORD3819,USB-C Cable,Electronics,5,5756.64,2025-01-29,South
ORD3820,Cricket Bat,Sports,3,4731.73,2024-11-02,Central
ORD3821,Lip Balm,Beauty,5,1656.16,2024-06-23,Central
ORD3822,Storage Box,Home,2,3382.87,2025-02-20,West
ORD3823,Sunglasses,Fashion,1,5883.3,2025-02-08,South
ORD3824,Wireless Earbuds,Electronics,5,3880.75,2024-06-12,East
ORD3825,Face Serum,Beauty,1,3483.59,2025-02-10,East
ORD3826,Non-stick Pan,Home,4,2030.83,2024-08-15,Central
ORD3827,Non-stick Pan,Home,3,5967.58,2024-12-09,West
ORD3828,Yoga Mat,Sports,6,4172.29,2024-10-16,West
ORD3829,Yoga Mat,Sports,1,758.06,2025-03-15,North
ORD3830,Cotton Bedsheet,Home,4,5164.56,2024-10-18,South
ORD3831,Sunglasses,Fashion,6,5890.17,2024-10-25,West
ORD3832,Wireless Earbuds,Electronics,2,5842.6,2024-11-24,North
ORD3833,Yoga Mat,Sports,4,5393.21,2025-01-16,South
ORD3834,Cotton T-Shirt,Fashion,4,446.11,2024-12-02,West
ORD3835,Sunscreen SPF50,Beauty,3,3266.05,2025-02-04,East
ORD3836,Shampoo 200ml,Beauty,2,5722.98,2024-06-28,Central
ORD3837,Non-stick Pan,Home,4,922.38,2025-03-02,Central
ORD3838,USB-C Cable,Electronics,1,5173.13,2024-06-30,North
ORD3839,Sunscreen SPF50,Beauty,3,3899.52,2024-11-05,North
ORD3840,Yoga Mat,Sports,3,5352.85,2024-08-08,North
ORD3841,Cotton Bedsheet,Home,2,240.15,2025-03-16,West
ORD3842,Leather Wallet,Fashion,2,1406.57,2025-01-08,Central
ORD3843,Wall Clock,Home,4,2362.16,2025-01-17,East
ORD3844,Cotton T-Shirt,Fashion,2,2091.4,2024-12-29,Central
ORD3845,Leather Wallet,Fashion,5,2256.53,2025-01-05,West
ORD3846,Sunglasses,Fashion,4,3222.09,2024-12-23,East
ORD3847,Football,Sports,1,1461.36,2024-06-27,North
ORD3848,Non-stick Pan,Home,3,1677.98,2024-10-14,East
ORD3849,Cotton Bedsheet,Home,3,2751.63,2025-02-16,East
ORD3850,Wall Clock,Home,3,3867.29,2025-02-16,East
ORD3851,Leather Wallet,Fashion,1,1826.87,2024-07-31,East
ORD3852,Running Shoes,Fashion,3,4048.2,2024-12-15,South
ORD3853,Storage Box,Home,1,2650.29,2024-11-19,North
ORD3854,USB-C Cable,Electronics,1,3604.65,2024-08-01,South
ORD3855,Football,Sports,3,3981.49,2024-11-26,East
ORD3856,Cricket Bat,Sports,2,1192.26,2025-02-24,North
ORD3857,Cotton Bedsheet,Home,6,1037.8,2024-07-10,Central
ORD3858,Football,Sports,4,4354.98,2024-07-12,Central
ORD3859,Wireless Earbuds,Electronics,6,4207.23,2025-01-13,West
ORD3860,Denim Jacket,Fashion,4,451.87,2024-10-14,Central
ORD3861,Yoga Mat,Sports,5,3190.64,2024-08-19,West
ORD3862,Smartwatch,Electronics,2,4154.04,2025-03-21,East
ORD3863,Lip Balm,Beauty,5,1352.14,2024-11-04,West
ORD3864,Hair Dryer,Beauty,5,3556.47,2025-02-14,West
ORD3865,Power Bank,Electronics,6,4463.26,2025-02-25,West
ORD3866,Shampoo 200ml,Beauty,3,5810.35,2024-11-09,Central
ORD3867,USB-C Cable,Electronics,3,1255.95,2024-12-30,East
ORD3868,Table Lamp,Home,6,2765.1,2025-03-16,North
ORD3869,Smartwatch,Electronics,2,4030.02,2024-08-08,West
ORD3870,Smartwatch,Electronics,3,4226.94,2025-02-06,East
ORD3871,Bluetooth Speaker,Electronics,6,5970.65,2025-02-28,East
ORD3872,Sunglasses,Fashion,3,3295.85,2025-01-13,West
ORD3873,Cricket Bat,Sports,3,3456.88,2024-07-19,South
ORD3874,Hair Dryer,Beauty,1,1478.82,2025-02-09,Central
ORD3875,Storage Box,Home,2,788.79,2025-02-22,South
ORD3876,Sunglasses,Fashion,3,788.31,2024-09-29,East
ORD3877,Sunglasses,Fashion,6,1158.7,2024-08-30,East
ORD3878,Yoga Mat,Sports,6,1209.58,2024-11-25,East
ORD3879,Face Serum,Beauty,1,4630.26,2024-08-31,West
ORD3880,Denim Jacket,Fashion,3,750.7,2024-10-23,Central
ORD3881,Wall Clock,Home,4,1326.8,2025-02-09,North
ORD3882,Cotton Bedsheet,Home,1,2868.33,2024-06-18,South
ORD3883,Yoga Mat,Sports,1,5779.4,2024-06-02,West
ORD3884,Sunscreen SPF50,Beauty,3,1751.7,2024-09-15,East
ORD3885,Face Serum,Beauty,2,3949.88,2024-12-10,South
ORD3886,Non-stick Pan,Home,4,1774.73,2024-12-24,South
ORD3887,Skipping Rope,Sports,6,5664.25,2024-06-20,South
ORD3888,Denim Jacket,Fashion,1,2255.92,2024-07-16,East
ORD3889,Non-stick Pan,Home,1,2927.86,2024-09-10,West
ORD3890,Cricket Bat,Sports,1,1689.94,2024-11-07,Central
ORD3891,Denim Jacket,Fashion,4,450.06,2024-08-12,South
ORD3892,Cotton T-Shirt,Fashion,6,2902.91,2024-08-26,East
ORD3893,Smartwatch,Electronics,6,5606.9,2024-09-30,North
ORD3894,Face Serum,Beauty,1,5961.46,2024-06-09,North
ORD3895,Cotton T-Shirt,Fashion,6,3255.34,2024-08-09,West
ORD3896,Denim Jacket,Fashion,2,1717.55,2025-02-15,West
ORD3897,Smartwatch,Electronics,4,3440.09,2024-09-24,South
ORD3898,Cotton T-Shirt,Fashion,3,2500.79,2025-02-16,East
ORD3899,Skipping Rope,Sports,1,3226.02,2024-08-18,Central
ORD3900,Denim Jacket,Fashion,5,3448.4,2025-01-11,East
ORD3901,Football,Sports,5,3429.19,2024-06-23,East
ORD3902,Leather Wallet,Fashion,6,5760.18,2024-09-12,Central
ORD3903,Power Bank,Electronics,5,5845.52,2024-08-04,West
ORD3904,Face Serum,Beauty,5,4091.71,2024-06-06,East
ORD3905,Leather Wallet,Fashion,3,303.42,2025-01-19,East
ORD3906,Smartwatch,Electronics,4,4124.53,2024-12-18,East
ORD3907,Sunglasses,Fashion,5,4627.17,2024-06-20,West
ORD3908,Sunglasses,Fashion,4,5224.97,2025-02-10,South
ORD3909,Cotton Bedsheet,Home,2,1843.42,2024-06-22,East
ORD3910,Table Lamp,Home,1,2485.88,2024-07-03,Central
ORD3911,Wireless Earbuds,Electronics,4,5137.57,2025-01-27,North
ORD3912,Storage Box,Home,2,2138.31,2024-07-11,North
ORD3913,Denim Jacket,Fashion,1,5859.09,2024-08-18,Central
ORD3914,Face Serum,Beauty,2,4922.01,2024-09-19,South
ORD3915,Football,Sports,6,5159.06,2024-08-01,East
ORD3916,Bluetooth Speaker,Electronics,6,1832.25,2024-11-16,East
ORD3917,Cotton Bedsheet,Home,3,4468.72,2024-08-19,South
ORD3918,Denim Jacket,Fashion,1,1019.68,2024-08-07,North
ORD3919,Wireless Earbuds,Electronics,1,1265.49,2025-01-16,Central
ORD3920,Dumbbell Set,Sports,5,4006.87,2024-08-22,East
ORD3921,Non-stick Pan,Home,1,3898.06,2025-02-06,Central
ORD3922,Bluetooth Speaker,Electronics,3,1496.98,2024-08-22,Central
ORD3923,Leather Wallet,Fashion,1,3871.87,2025-02-04,West
ORD3924,Wall Clock,Home,3,5381.49,2025-02-21,East
ORD3925,Shampoo 200ml,Beauty,4,1822.38,2025-03-03,Central
ORD3926,Shampoo 200ml,Beauty,5,5613.55,2024-09-19,West
ORD3927,Smartwatch,Electronics,1,3378.19,2024-06-01,West
ORD3928,USB-C Cable,Electronics,1,2443.85,2024-09-30,West
ORD3929,Bluetooth Speaker,Electronics,4,5698.22,2024-08-02,East
ORD3930,Shampoo 200ml,Beauty,6,1108.62,2024-07-06,West
ORD3931,Storage Box,Home,2,3588.04,2024-10-28,East
ORD3932,Skipping Rope,Sports,5,2903.56,2025-01-17,West
ORD3933,Wall Clock,Home,6,4486.28,2024-11-01,South
ORD3934,Dumbbell Set,Sports,1,1784.27,2024-08-25,Central
ORD3935,Cotton Bedsheet,Home,2,5950.92,2025-02-27,South
ORD3936,Wall Clock,Home,6,4750.25,2024-09-09,Central
ORD3937,Denim Jacket,Fashion,6,1105.53,2024-11-20,Central
ORD3938,Power Bank,Electronics,2,2989.27,2024-06-15,Central
ORD3939,Running Shoes,Fashion,6,4171.52,2024-10-21,East
ORD3940,Bluetooth Speaker,Electronics,3,2129.6,2024-08-22,South
ORD3941,Dumbbell Set,Sports,3,4894.19,2024-12-16,West
ORD3942,USB-C Cable,Electronics,6,4971.24,2025-03-18,South
ORD3943,Dumbbell Set,Sports,6,3918.06,2024-06-18,East
ORD3944,Sunscreen SPF50,Beauty,6,5797.72,2024-09-05,South
ORD3945,Lip Balm,Beauty,1,2211.63,2024-09-09,East
ORD3946,Dumbbell Set,Sports,2,4336.73,2025-01-15,Central
ORD3947,Cricket Bat,Sports,5,616.17,2024-06-12,East
ORD3948,Table Lamp,Home,5,3888.2,2024-10-16,East
ORD3949,Football,Sports,3,3486.74,2024-07-01,Central
ORD3950,Non-stick Pan,Home,4,905.3,2024-09-02,South
ORD3951,Wireless Earbuds,Electronics,4,176.2,2025-01-02,North
ORD3952,Football,Sports,5,4908.32,2025-02-13,East
ORD3953,Shampoo 200ml,Beauty,3,2878.31,2024-11-27,South
ORD3954,Yoga Mat,Sports,3,3354.12,2024-12-05,West
ORD3955,Running Shoes,Fashion,5,3882.45,2024-12-13,Central
ORD3956,Cotton Bedsheet,Home,4,5089.99,2024-06-01,South
ORD3957,Denim Jacket,Fashion,6,4146.55,2024-10-14,North
ORD3958,Wireless Earbuds,Electronics,3,2227.26,2024-12-28,South
ORD3959,Running Shoes,Fashion,2,2623.5,2024-12-26,West
ORD3960,Hair Dryer,Beauty,1,4747.82,2025-03-19,East
ORD3961,Smartwatch,Electronics,5,2503.43,2025-02-03,North
ORD3962,Cotton Bedsheet,Home,4,4955.74,2024-08-27,East
ORD3963,Denim Jacket,Fashion,6,1061.91,2025-01-07,East
ORD3964,Denim Jacket,Fashion,2,5873.16,2024-07-05,East
ORD3965,Non-stick Pan,Home,1,4218.61,2024-09-15,West
ORD3966,Smartwatch,Electronics,2,5354.34,2024-10-15,South
ORD3967,Wireless Earbuds,Electronics,5,530.01,2024-12-28,Central
ORD3968,Table Lamp,Home,5,5495.06,2024-12-04,South
ORD3969,Bluetooth Speaker,Electronics,2,5949.67,2024-08-23,West
ORD3970,Sunglasses,Fashion,4,1798.09,2025-03-09,West
ORD3971,Power Bank,Electronics,4,3955.58,2024-12-13,East
ORD3972,Denim Jacket,Fashion,5,2569.43,2024-09-28,North
ORD3973,Face Serum,Beauty,4,3216.57,2024-06-21,North
ORD3974,Wireless Earbuds,Electronics,2,1871.8,2024-10-27,Central
ORD3975,Smartwatch,Electronics,4,3695.11,2024-10-31,South
ORD3976,Wireless Earbuds,Electronics,6,3129.21,2024-11-05,Central
ORD3977,Wireless Earbuds,Electronics,3,1648.64,2024-07-06,North
ORD3978,Power Bank,Electronics,2,4237.0,2024-07-07,East
ORD3979,Dumbbell Set,Sports,1,1806.89,2024-09-15,North
ORD3980,Lip Balm,Beauty,1,5345.83,2024-07-14,South
ORD3981,Wireless Earbuds,Electronics,4,384.59,2024-10-19,South
ORD3982,Wireless Earbuds,Electronics,3,2317.24,2024-06-05,South
ORD3983,Smartwatch,Electronics,6,3204.83,2025-01-20,Central
ORD3984,Running Shoes,Fashion,4,2579.25,2025-01-07,West
ORD3985,Running Shoes,Fashion,3,828.69,2025-02-23,South
ORD3986,Running Shoes,Fashion,3,2508.36,2025-03-18,East
ORD3987,Smartwatch,Electronics,6,919.8,2025-01-21,West
ORD3988,Bluetooth Speaker,Electronics,1,2155.15,2024-09-26,Central
ORD3989,Face Serum,Beauty,1,5793.0,2024-08-02,North
ORD3990,Power Bank,Electronics,2,5210.37,2025-01-28,North
ORD3991,Denim Jacket,Fashion,3,3755.57,2024-10-13,North
ORD3992,Power Bank,Electronics,1,3935.87,2025-01-02,East
ORD3993,Smartwatch,Electronics,6,5258.6,2024-09-04,East
ORD3994,Denim Jacket,Fashion,1,5118.75,2024-06-19,West
ORD3995,Storage Box,Home,1,1243.32,2024-06-04,West
ORD3996,Non-stick Pan,Home,6,336.27,2024-11-04,East
ORD3997,Non-stick Pan,Home,1,3360.44,2025-01-10,North
ORD3998,Football,Sports,6,3618.94,2024-11-10,South
ORD3999,Storage Box,Home,1,729.94,2024-06-08,Central
ORD4000,Skipping Rope,Sports,2,4725.52,2024-07-21,East
ORD4001,Wireless Earbuds,Electronics,5,3725.27,2025-02-14,North
ORD4002,Wall Clock,Home,4,5657.73,2024-07-27,Central
ORD4003,Cotton Bedsheet,Home,5,3196.61,2024-11-04,North
ORD4004,Sunglasses,Fashion,3,3792.34,2024-11-30,East
ORD4005,Non-stick Pan,Home,6,2085.04,2024-06-23,South
ORD4006,Shampoo 200ml,Beauty,3,3921.94,2025-02-01,South
ORD4007,Football,Sports,6,3632.02,2024-12-19,West
ORD4008,Sunglasses,Fashion,1,5290.55,2024-06-20,East
ORD4009,Bluetooth Speaker,Electronics,5,3897.18,2024-08-09,West
ORD4010,Non-stick Pan,Home,2,262.5,2025-01-05,West
ORD4011,Shampoo 200ml,Beauty,5,3172.43,2024-12-15,West
ORD4012,Hair Dryer,Beauty,1,217.7,2024-06-02,Central
ORD4013,Non-stick Pan,Home,1,3094.4,2024-09-23,East
ORD4014,Bluetooth Speaker,Electronics,2,4493.03,2024-07-20,East
ORD4015,Hair Dryer,Beauty,2,470.36,2024-09-01,South
ORD4016,Shampoo 200ml,Beauty,1,4997.48,2024-12-16,South
ORD4017,Wireless Earbuds,Electronics,4,4983.66,2024-08-17,Central
ORD4018,Running Shoes,Fashion,6,971.48,2024-12-23,North
ORD4019,Football,Sports,5,2626.13,2024-07-27,North
ORD4020,USB-C Cable,Electronics,3,159.63,2024-10-01,Central
ORD4021,USB-C Cable,Electronics,2,4000.99,2025-01-31,West
ORD4022,Sunscreen SPF50,Beauty,4,270.73,2025-02-26,West
ORD4023,Cotton Bedsheet,Home,2,4924.91,2024-11-25,North
ORD4024,Shampoo 200ml,Beauty,6,2515.76,2025-02-08,West
ORD4025,Smartwatch,Electronics,3,265.83,2024-06-14,North
ORD4026,Running Shoes,Fashion,6,3709.24,2025-03-08,South
ORD4027,Power Bank,Electronics,6,3788.1,2024-12-02,North
ORD4028,Skipping Rope,Sports,1,2206.19,2024-12-07,West
ORD4029,Cotton T-Shirt,Fashion,1,3572.48,2024-10-26,North
ORD4030,Non-stick Pan,Home,2,2594.01,2024-12-18,North
ORD4031,Running Shoes,Fashion,6,1203.34,2025-03-27,Central
ORD4032,Power Bank,Electronics,4,689.44,2024-07-31,Central
ORD4033,Smartwatch,Electronics,5,5282.59,2024-09-16,West
ORD4034,Hair Dryer,Beauty,3,3718.0,2024-09-30,South
ORD4035,Power Bank,Electronics,4,1782.64,2024-07-18,North
ORD4036,Shampoo 200ml,Beauty,4,2097.12,2024-06-12,North
ORD4037,Denim Jacket,Fashion,4,2133.1,2024-09-10,North
ORD4038,Leather Wallet,Fashion,3,3921.05,2024-08-07,South
ORD4039,Cricket Bat,Sports,1,4339.7,2024-10-05,Central
ORD4040,Face Serum,Beauty,2,5688.94,2024-07-01,South
ORD4041,Shampoo 200ml,Beauty,3,3398.01,2025-01-13,East
ORD4042,Shampoo 200ml,Beauty,3,5142.54,2024-11-14,North
ORD4043,Denim Jacket,Fashion,3,4019.14,2025-02-08,East
ORD4044,Wall Clock,Home,2,3054.34,2025-02-21,North
ORD4045,Table Lamp,Home,4,3342.29,2024-06-14,South
ORD4046,Hair Dryer,Beauty,1,5159.04,2024-07-30,North
ORD4047,Cotton Bedsheet,Home,1,3091.25,2024-10-01,East
ORD4048,Power Bank,Electronics,1,3644.08,2024-06-13,Central
ORD4049,Lip Balm,Beauty,4,4270.12,2025-03-01,East
ORD4050,Power Bank,Electronics,4,643.55,2024-06-10,West
ORD4051,Lip Balm,Beauty,3,1705.29,2024-06-25,East
ORD4052,Wall Clock,Home,3,4507.41,2024-12-22,North
ORD4053,Sunscreen SPF50,Beauty,2,4183.36,2025-01-25,West
ORD4054,Storage Box,Home,1,259.13,2024-10-16,North
ORD4055,Storage Box,Home,1,4512.15,2024-09-01,Central
ORD4056,Leather Wallet,Fashion,3,4368.03,2025-03-27,South
ORD4057,USB-C Cable,Electronics,5,2004.82,2025-03-04,Central
ORD4058,Lip Balm,Beauty,5,3520.37,2024-09-20,South
ORD4059,Football,Sports,3,2210.82,2024-07-03,Central
ORD4060,Bluetooth Speaker,Electronics,2,3315.41,2025-03-12,West
ORD4061,Face Serum,Beauty,6,1926.81,2024-10-09,South
ORD4062,Storage Box,Home,2,2359.79,2024-06-19,Central
ORD4063,USB-C Cable,Electronics,3,2714.39,2024-09-23,West
ORD4064,Cricket Bat,Sports,4,2445.22,2024-09-19,North
ORD4065,Dumbbell Set,Sports,6,1641.32,2025-03-21,North
ORD4066,Bluetooth Speaker,Electronics,3,5605.04,2024-08-24,West
ORD4067,Cricket Bat,Sports,2,5104.65,2024-10-30,West
ORD4068,Smartwatch,Electronics,1,4768.53,2024-08-21,North
ORD4069,Shampoo 200ml,Beauty,4,4450.62,2025-02-23,Central
ORD4070,Face Serum,Beauty,1,265.43,2025-01-05,East
ORD4071,Skipping Rope,Sports,4,3086.92,2024-08-21,East
ORD4072,Non-stick Pan,Home,4,2259.12,2024-08-06,Central
ORD4073,Wall Clock,Home,3,1615.68,2024-06-22,East
ORD4074,Cotton T-Shirt,Fashion,1,4183.1,2025-03-22,Central
ORD4075,Sunscreen SPF50,Beauty,5,5318.95,2024-09-10,East
ORD4076,Shampoo 200ml,Beauty,5,4569.62,2025-02-23,North
ORD4077,Cotton T-Shirt,Fashion,5,3256.69,2024-06-23,South
ORD4078,Football,Sports,3,5931.05,2024-09-02,Central
ORD4079,Table Lamp,Home,3,4027.36,2024-09-12,North
ORD4080,Face Serum,Beauty,4,5368.37,2024-07-24,Central
ORD4081,Smartwatch,Electronics,6,3232.12,2025-02-10,Central
ORD4082,Face Serum,Beauty,1,2249.64,2025-02-19,South
ORD4083,Non-stick Pan,Home,3,562.07,2025-02-26,South
ORD4084,Cricket Bat,Sports,3,1749.24,2024-07-15,Central
ORD4085,Cotton Bedsheet,Home,4,3426.4,2024-07-26,East
ORD4086,Lip Balm,Beauty,2,5318.75,2024-06-13,West
ORD4087,Denim Jacket,Fashion,5,5088.34,2024-06-24,South
ORD4088,Cricket Bat,Sports,6,498.48,2024-06-29,West
ORD4089,Football,Sports,4,2761.79,2024-11-18,East
ORD4090,Wireless Earbuds,Electronics,3,1262.15,2024-11-11,West
ORD4091,Face Serum,Beauty,6,1436.69,2025-01-18,South
ORD4092,Storage Box,Home,1,1724.37,2024-10-08,West
ORD4093,Running Shoes,Fashion,3,4622.21,2024-07-18,West
ORD4094,Cotton Bedsheet,Home,5,1998.53,2024-12-30,North
ORD4095,Sunglasses,Fashion,6,1064.15,2024-10-14,South
ORD4096,Lip Balm,Beauty,5,2150.83,2025-01-14,Central
ORD4097,Storage Box,Home,6,2265.86,2025-02-09,West
ORD4098,Table Lamp,Home,4,549.64,2024-12-18,North
ORD4099,Power Bank,Electronics,6,1641.26,2024-07-15,Central
ORD4100,Lip Balm,Beauty,1,5404.2,2024-07-01,North
ORD4101,Dumbbell Set,Sports,3,2562.07,2025-02-17,South
ORD4102,Sunglasses,Fashion,6,5536.82,2024-08-04,West
ORD4103,Dumbbell Set,Sports,6,4871.93,2025-03-13,West
ORD4104,Shampoo 200ml,Beauty,4,2071.63,2024-06-01,South
ORD4105,Non-stick Pan,Home,4,4607.15,2024-10-23,East
ORD4106,Bluetooth Speaker,Electronics,4,1744.4,2024-06-04,South
ORD4107,Dumbbell Set,Sports,4,4937.93,2025-01-07,East
ORD4108,Wall Clock,Home,2,5491.56,2024-12-10,West
ORD4109,Leather Wallet,Fashion,2,2807.51,2024-10-07,East
ORD4110,Running Shoes,Fashion,2,4707.63,2025-03-27,Central
ORD4111,Dumbbell Set,Sports,5,2776.3,2024-12-01,East
ORD4112,Storage Box,Home,6,1895.63,2024-08-26,South
ORD4113,USB-C Cable,Electronics,3,2712.5,2024-11-17,East
ORD4114,Leather Wallet,Fashion,4,2244.6,2024-09-11,Central
ORD4115,Wireless Earbuds,Electronics,5,4412.05,2025-01-26,West
ORD4116,Dumbbell Set,Sports,4,515.26,2024-10-01,Central
ORD4117,Cricket Bat,Sports,6,1008.46,2025-02-21,West
ORD4118,Smartwatch,Electronics,6,3178.58,2024-10-17,East
ORD4119,Table Lamp,Home,2,4964.37,2025-01-25,South
ORD4120,Cricket Bat,Sports,3,1731.35,2024-08-30,East
ORD4121,Bluetooth Speaker,Electronics,5,5397.44,2024-10-11,Central
ORD4122,Smartwatch,Electronics,6,2632.22,2025-02-24,West
ORD4123,Skipping Rope,Sports,6,3787.6,2025-03-04,West
ORD4124,Sunscreen SPF50,Beauty,3,5637.86,2024-08-29,West
ORD4125,Non-stick Pan,Home,4,4860.51,2024-07-24,North
ORD4126,Leather Wallet,Fashion,5,2818.21,2025-02-01,Central
ORD4127,Smartwatch,Electronics,4,867.17,2024-12-24,South
ORD4128,Power Bank,Electronics,2,2361.8,2025-01-29,North
ORD4129,Wall Clock,Home,6,3047.19,2024-07-03,East
ORD4130,Bluetooth Speaker,Electronics,1,3479.62,2024-07-31,West
ORD4131,Shampoo 200ml,Beauty,6,853.68,2024-08-26,East
ORD4132,Hair Dryer,Beauty,6,3341.41,2025-03-23,West
ORD4133,Shampoo 200ml,Beauty,2,5623.92,2024-07-09,Central
ORD4134,Cotton Bedsheet,Home,3,2866.99,2024-09-01,South
ORD4135,Leather Wallet,Fashion,4,3965.68,2025-03-10,West
ORD4136,Face Serum,Beauty,6,2816.7,2024-12-18,West
ORD4137,Smartwatch,Electronics,5,4043.7,2024-12-01,West
ORD4138,Dumbbell Set,Sports,3,2818.21,2024-12-07,South
ORD4139,Non-stick Pan,Home,2,3646.28,2024-06-29,North
ORD4140,Dumbbell Set,Sports,3,4587.02,2024-09-23,West
ORD4141,Non-stick Pan,Home,3,1725.91,2024-10-25,West
ORD4142,Wireless Earbuds,Electronics,3,5273.47,2025-02-21,South
ORD4143,Table Lamp,Home,5,812.65,2025-03-17,East
ORD4144,Power Bank,Electronics,1,4725.8,2024-06-01,West
ORD4145,Power Bank,Electronics,4,2912.1,2025-01-05,Central
ORD4146,Table Lamp,Home,2,718.57,2024-12-18,East
ORD4147,Denim Jacket,Fashion,5,1299.19,2024-12-22,East
ORD4148,Non-stick Pan,Home,3,5928.16,2024-09-23,East
ORD4149,Cotton Bedsheet,Home,6,5521.81,2024-08-29,North
ORD4150,Wireless Earbuds,Electronics,2,2123.2,2024-11-01,West
ORD4151,Lip Balm,Beauty,5,553.71,2025-03-24,Central
ORD4152,Cricket Bat,Sports,5,4613.34,2025-01-16,West
ORD4153,Bluetooth Speaker,Electronics,1,4261.86,2025-02-01,North
ORD4154,Leather Wallet,Fashion,5,3998.99,2024-08-04,East
ORD4155,Dumbbell Set,Sports,2,390.51,2024-10-15,South
ORD4156,Cotton T-Shirt,Fashion,3,2421.86,2024-09-07,West
ORD4157,Hair Dryer,Beauty,5,3166.36,2024-09-26,West
ORD4158,Football,Sports,2,2603.24,2024-11-01,East
ORD4159,Sunglasses,Fashion,5,5276.69,2024-06-16,West
ORD4160,Cotton Bedsheet,Home,4,5177.7,2024-09-07,Central
ORD4161,Table Lamp,Home,4,4951.01,2024-06-12,East
ORD4162,Wall Clock,Home,3,1008.91,2024-08-11,North
ORD4163,USB-C Cable,Electronics,2,1708.18,2024-10-13,South
ORD4164,Running Shoes,Fashion,4,3672.0,2025-02-03,Central
ORD4165,Table Lamp,Home,5,3537.3,2024-09-15,Central
ORD4166,Sunscreen SPF50,Beauty,1,702.24,2024-06-10,South
ORD4167,Dumbbell Set,Sports,6,3613.47,2025-02-14,South
ORD4168,Skipping Rope,Sports,1,763.4,2024-06-02,East
ORD4169,Cricket Bat,Sports,3,3016.92,2025-01-05,North
ORD4170,Hair Dryer,Beauty,1,4380.19,2024-12-16,Central
ORD4171,Bluetooth Speaker,Electronics,1,1965.6,2024-06-16,North
ORD4172,Cotton T-Shirt,Fashion,4,3196.74,2024-07-11,South
ORD4173,Smartwatch,Electronics,2,5518.27,2024-12-31,North
ORD4174,Leather Wallet,Fashion,3,1296.77,2024-07-23,North
ORD4175,Smartwatch,Electronics,3,3509.75,2024-08-06,Central
ORD4176,Power Bank,Electronics,5,4452.13,2024-07-26,Central
ORD4177,Hair Dryer,Beauty,6,426.07,2024-07-05,South
ORD4178,Lip Balm,Beauty,1,3017.11,2024-12-31,East
ORD4179,Dumbbell Set,Sports,1,5466.29,2024-12-06,Central
ORD4180,Sunglasses,Fashion,6,1343.31,2024-12-21,North
ORD4181,Yoga Mat,Sports,1,2610.19,2025-02-22,North
ORD4182,Wireless Earbuds,Electronics,3,5379.0,2024-09-19,West
ORD4183,USB-C Cable,Electronics,4,1858.14,2024-11-01,East
ORD4184,Non-stick Pan,Home,5,3033.47,2024-08-04,North
ORD4185,USB-C Cable,Electronics,4,345.23,2024-07-30,East
ORD4186,Non-stick Pan,Home,2,4853.95,2024-06-15,East
ORD4187,Cotton Bedsheet,Home,3,5796.61,2024-08-28,East
ORD4188,Skipping Rope,Sports,6,5171.98,2025-03-04,North
ORD4189,Sunglasses,Fashion,4,402.79,2024-12-28,East
ORD4190,Cricket Bat,Sports,3,2234.22,2024-07-20,West
ORD4191,Dumbbell Set,Sports,2,4347.33,2024-06-17,East
ORD4192,Lip Balm,Beauty,1,621.23,2025-03-17,South
ORD4193,Denim Jacket,Fashion,5,724.15,2024-06-01,South
ORD4194,Skipping Rope,Sports,1,4207.63,2024-12-22,West
ORD4195,Face Serum,Beauty,5,5224.16,2024-12-02,South
ORD4196,USB-C Cable,Electronics,3,4107.24,2024-12-11,Central
ORD4197,Smartwatch,Electronics,6,5973.76,2024-10-12,South
ORD4198,Yoga Mat,Sports,1,5980.21,2025-02-19,Central
ORD4199,Dumbbell Set,Sports,3,4675.93,2025-03-04,East
ORD4200,Hair Dryer,Beauty,2,3711.12,2025-03-06,North
ORD4201,Storage Box,Home,1,1403.97,2025-01-28,South
ORD4202,Bluetooth Speaker,Electronics,1,2304.1,2025-03-10,Central
ORD4203,Hair Dryer,Beauty,6,4173.5,2025-02-21,East
ORD4204,Table Lamp,Home,4,1624.25,2025-01-21,Central
ORD4205,Bluetooth Speaker,Electronics,3,5854.07,2024-11-26,North
ORD4206,Running Shoes,Fashion,3,485.17,2024-07-07,Central
ORD4207,Bluetooth Speaker,Electronics,6,5090.32,2024-12-15,North
ORD4208,Face Serum,Beauty,1,367.64,2024-10-20,Central
ORD4209,Cotton T-Shirt,Fashion,6,3994.44,2024-08-09,South
ORD4210,Sunglasses,Fashion,1,199.1,2025-03-26,East
ORD4211,Denim Jacket,Fashion,3,2061.95,2024-10-06,Central
ORD4212,Sunscreen SPF50,Beauty,3,5074.93,2025-01-07,North
ORD4213,Cotton T-Shirt,Fashion,1,5630.09,2025-03-16,Central
ORD4214,Face Serum,Beauty,1,5481.78,2024-06-30,Central
ORD4215,Cotton Bedsheet,Home,1,2099.96,2024-10-09,North
ORD4216,Shampoo 200ml,Beauty,1,797.49,2024-11-05,Central
ORD4217,Cotton Bedsheet,Home,3,4538.29,2024-06-20,Central
ORD4218,Lip Balm,Beauty,2,5598.81,2024-12-28,North
ORD4219,Table Lamp,Home,4,4934.16,2024-12-29,Central
ORD4220,Sunglasses,Fashion,1,5513.68,2024-07-01,North
ORD4221,Wireless Earbuds,Electronics,2,4301.21,2024-09-21,North
ORD4222,Power Bank,Electronics,4,3541.27,2024-12-13,East
ORD4223,Leather Wallet,Fashion,6,2868.5,2024-10-04,South
ORD4224,Wall Clock,Home,6,3935.74,2024-09-07,West
ORD4225,Cricket Bat,Sports,1,1866.57,2024-11-05,East
ORD4226,Sunscreen SPF50,Beauty,2,4841.43,2024-06-12,West
ORD4227,Sunglasses,Fashion,6,476.33,2024-09-11,Central
ORD4228,Yoga Mat,Sports,3,4421.2,2024-12-06,North
ORD4229,Cricket Bat,Sports,2,3219.55,2024-07-06,West
ORD4230,Dumbbell Set,Sports,4,1041.57,2025-01-15,West
ORD4231,Table Lamp,Home,1,4245.85,2025-02-07,South
ORD4232,Lip Balm,Beauty,1,5727.54,2024-12-08,Central
ORD4233,Smartwatch,Electronics,6,2844.33,2025-03-21,Central
ORD4234,Smartwatch,Electronics,3,2116.49,2025-03-10,East
ORD4235,Cricket Bat,Sports,6,5851.8,2024-12-06,South
ORD4236,Football,Sports,3,1593.89,2024-11-10,South
ORD4237,Table Lamp,Home,4,1309.75,2025-03-10,East
ORD4238,Non-stick Pan,Home,5,2955.34,2024-08-27,Central
ORD4239,Yoga Mat,Sports,6,1098.31,2024-08-19,Central
ORD4240,Power Bank,Electronics,2,2396.16,2024-07-25,South
ORD4241,Denim Jacket,Fashion,1,1977.35,2024-11-19,West
ORD4242,Yoga Mat,Sports,2,774.13,2024-12-03,West
ORD4243,Non-stick Pan,Home,2,504.26,2024-07-01,South
ORD4244,Running Shoes,Fashion,2,241.63,2024-07-30,North
ORD4245,Table Lamp,Home,3,2632.11,2024-11-05,South
ORD4246,Smartwatch,Electronics,2,2870.09,2025-01-31,Central
ORD4247,Smartwatch,Electronics,3,4033.18,2024-08-10,South
ORD4248,Shampoo 200ml,Beauty,1,5663.19,2024-08-04,West
ORD4249,Smartwatch,Electronics,5,2878.32,2025-01-29,Central
ORD4250,Skipping Rope,Sports,4,4220.61,2024-11-27,West
ORD4251,Football,Sports,6,4711.69,2024-07-10,North
ORD4252,Non-stick Pan,Home,1,5146.18,2025-01-09,East
ORD4253,Skipping Rope,Sports,4,2792.45,2025-01-15,West
ORD4254,Cotton Bedsheet,Home,5,2553.63,2024-06-14,North
ORD4255,Face Serum,Beauty,1,3753.34,2024-10-23,West
ORD4256,Running Shoes,Fashion,6,5700.53,2024-11-30,South
ORD4257,Table Lamp,Home,1,536.39,2025-02-03,North
ORD4258,Denim Jacket,Fashion,2,5743.9,2024-12-07,Central
ORD4259,Cotton Bedsheet,Home,6,4348.75,2024-08-10,South
ORD4260,Yoga Mat,Sports,3,1508.95,2024-07-28,West
ORD4261,Power Bank,Electronics,4,4471.09,2025-01-28,East
ORD4262,Leather Wallet,Fashion,5,2996.4,2025-02-05,North
ORD4263,USB-C Cable,Electronics,5,4871.48,2025-03-24,East
ORD4264,Wireless Earbuds,Electronics,1,2314.92,2025-03-07,West
ORD4265,Cotton Bedsheet,Home,5,501.17,2024-09-09,West
ORD4266,Smartwatch,Electronics,6,2308.35,2025-02-20,West
ORD4267,Bluetooth Speaker,Electronics,4,1913.33,2024-09-16,West
ORD4268,Non-stick Pan,Home,3,4812.4,2025-03-03,East
ORD4269,Hair Dryer,Beauty,2,2758.98,2024-10-22,West
ORD4270,Football,Sports,3,5206.24,2025-02-21,North
ORD4271,Leather Wallet,Fashion,6,533.05,2025-02-10,Central
ORD4272,Cotton T-Shirt,Fashion,3,437.13,2024-08-19,West
ORD4273,Sunglasses,Fashion,5,1644.61,2024-10-20,East
ORD4274,Storage Box,Home,5,4980.69,2024-12-25,West
ORD4275,Face Serum,Beauty,3,1960.92,2024-12-21,West
ORD4276,Wireless Earbuds,Electronics,5,3215.55,2024-12-26,North
ORD4277,Dumbbell Set,Sports,6,3015.21,2025-01-12,South
ORD4278,Leather Wallet,Fashion,4,1836.11,2024-12-31,West
ORD4279,Cricket Bat,Sports,3,4246.53,2025-01-23,South
ORD4280,Table Lamp,Home,6,3171.44,2025-02-22,North
ORD4281,Leather Wallet,Fashion,4,2063.49,2024-10-24,North
ORD4282,Non-stick Pan,Home,3,3823.04,2024-11-28,East
ORD4283,Hair Dryer,Beauty,4,3875.13,2024-06-16,West
ORD4284,Yoga Mat,Sports,4,5376.6,2024-06-29,East
ORD4285,Cotton T-Shirt,Fashion,2,306.78,2024-06-11,North
ORD4286,Sunscreen SPF50,Beauty,1,4690.91,2024-10-13,North
ORD4287,Storage Box,Home,2,5775.0,2025-03-28,South
ORD4288,Bluetooth Speaker,Electronics,5,3814.19,2024-11-30,West
ORD4289,Sunscreen SPF50,Beauty,3,455.76,2024-12-05,East
ORD4290,Non-stick Pan,Home,1,3063.69,2024-10-26,Central
ORD4291,Leather Wallet,Fashion,3,1062.68,2024-12-24,East
ORD4292,Non-stick Pan,Home,2,2710.93,2024-08-19,Central
ORD4293,Cotton Bedsheet,Home,1,1231.29,2024-06-27,East
ORD4294,Wireless Earbuds,Electronics,4,1861.54,2025-03-20,West
ORD4295,Power Bank,Electronics,2,2349.55,2024-08-20,North
ORD4296,Smartwatch,Electronics,5,2848.77,2024-06-25,Central
ORD4297,Shampoo 200ml,Beauty,2,2718.86,2024-12-09,North
ORD4298,USB-C Cable,Electronics,2,5949.2,2024-07-31,Central
ORD4299,Leather Wallet,Fashion,6,5060.84,2024-09-08,South
ORD4300,Smartwatch,Electronics,6,156.26,2024-11-25,North
ORD4301,Hair Dryer,Beauty,4,5475.84,2024-07-29,East
ORD4302,Skipping Rope,Sports,3,1744.3,2024-11-27,South
ORD4303,Storage Box,Home,3,3545.19,2024-10-14,North
ORD4304,Wireless Earbuds,Electronics,1,4799.36,2024-08-27,North
ORD4305,Skipping Rope,Sports,4,3026.3,2024-06-18,East
ORD4306,Power Bank,Electronics,2,1582.98,2024-09-04,North
ORD4307,Running Shoes,Fashion,6,5784.97,2025-01-25,East
ORD4308,USB-C Cable,Electronics,4,2915.74,2024-08-31,Central
ORD4309,Face Serum,Beauty,3,3209.61,2024-11-29,South
ORD4310,Smartwatch,Electronics,6,4809.98,2024-10-17,South
ORD4311,Table Lamp,Home,4,4986.83,2024-10-25,South
ORD4312,Wireless Earbuds,Electronics,4,2825.87,2024-08-24,South
ORD4313,Football,Sports,3,3764.71,2024-11-18,Central
ORD4314,Dumbbell Set,Sports,6,2491.25,2024-10-29,South
ORD4315,Football,Sports,1,629.94,2024-12-18,West
ORD4316,Football,Sports,2,5447.52,2025-02-20,North
ORD4317,Wireless Earbuds,Electronics,1,4868.31,2024-06-17,East
ORD4318,Wall Clock,Home,2,5678.13,2025-02-27,South
ORD4319,Denim Jacket,Fashion,2,1380.69,2025-02-08,East
ORD4320,Smartwatch,Electronics,3,4804.6,2024-06-16,West
ORD4321,Cotton Bedsheet,Home,3,1780.14,2024-12-22,Central
ORD4322,Leather Wallet,Fashion,1,1780.63,2024-07-27,South
ORD4323,Face Serum,Beauty,4,4385.18,2024-12-05,East
ORD4324,Denim Jacket,Fashion,4,3575.42,2024-09-09,Central
ORD4325,Football,Sports,1,923.81,2024-10-31,West
ORD4326,Power Bank,Electronics,5,5001.18,2024-06-18,East
ORD4327,Shampoo 200ml,Beauty,1,445.17,2025-01-05,East
ORD4328,Cotton T-Shirt,Fashion,1,3583.95,2024-06-23,East
ORD4329,Storage Box,Home,4,5221.21,2024-08-25,Central
ORD4330,Shampoo 200ml,Beauty,1,2081.37,2024-09-14,East
ORD4331,Sunscreen SPF50,Beauty,2,5703.57,2024-09-04,East
ORD4332,Lip Balm,Beauty,3,5895.65,2024-12-21,North
ORD4333,Sunglasses,Fashion,3,5253.1,2024-07-14,Central
ORD4334,Yoga Mat,Sports,4,2023.32,2024-12-19,South
ORD4335,Cotton Bedsheet,Home,6,2514.92,2024-07-07,North
ORD4336,Power Bank,Electronics,5,2120.19,2024-09-01,East
ORD4337,Dumbbell Set,Sports,6,2806.52,2025-03-25,North
ORD4338,Hair Dryer,Beauty,3,5673.18,2024-08-14,South
ORD4339,Dumbbell Set,Sports,3,1593.56,2024-10-10,North
ORD4340,Football,Sports,3,4775.26,2025-01-31,West
ORD4341,Power Bank,Electronics,4,2340.05,2025-02-04,South
ORD4342,Non-stick Pan,Home,3,5067.82,2025-02-22,South
ORD4343,Shampoo 200ml,Beauty,1,3072.96,2025-03-14,South
ORD4344,Non-stick Pan,Home,1,3155.59,2024-09-08,West
ORD4345,Dumbbell Set,Sports,4,5124.15,2024-07-28,East
ORD4346,Dumbbell Set,Sports,4,2575.69,2024-12-25,West
ORD4347,Yoga Mat,Sports,5,5675.68,2025-02-02,Central
ORD4348,Leather Wallet,Fashion,3,1545.7,2024-06-13,North
ORD4349,Cotton Bedsheet,Home,4,5992.79,2024-06-07,Central
ORD4350,Storage Box,Home,6,4913.14,2024-10-22,West
ORD4351,USB-C Cable,Electronics,2,3427.84,2024-09-29,South
ORD4352,Face Serum,Beauty,3,980.77,2024-07-28,South
ORD4353,Lip Balm,Beauty,4,4970.5,2025-02-11,Central
ORD4354,Wall Clock,Home,2,3840.53,2024-12-26,Central
ORD4355,Cricket Bat,Sports,5,2067.21,2024-08-20,West
ORD4356,Sunscreen SPF50,Beauty,5,1591.31,2024-10-05,West
ORD4357,Skipping Rope,Sports,2,976.66,2024-11-06,North
ORD4358,Sunscreen SPF50,Beauty,5,650.01,2024-11-24,Central
ORD4359,Yoga Mat,Sports,6,5473.37,2024-12-31,North
ORD4360,Yoga Mat,Sports,5,4826.65,2024-06-16,Central
ORD4361,Skipping Rope,Sports,6,515.03,2024-06-10,Central
ORD4362,Cotton Bedsheet,Home,4,4380.58,2025-01-11,South
ORD4363,Cotton T-Shirt,Fashion,3,5000.02,2024-09-04,West
ORD4364,Sunglasses,Fashion,3,946.1,2025-02-06,South
ORD4365,Storage Box,Home,2,1234.41,2024-08-15,North
ORD4366,Cotton T-Shirt,Fashion,2,1004.13,2024-06-26,North
ORD4367,Hair Dryer,Beauty,5,1247.44,2024-09-04,Central
ORD4368,Lip Balm,Beauty,3,715.13,2024-12-20,East
ORD4369,Power Bank,Electronics,1,3347.88,2024-08-28,East
ORD4370,Cricket Bat,Sports,1,1464.72,2025-03-25,West
ORD4371,Face Serum,Beauty,6,5709.68,2025-01-24,East
ORD4372,Wall Clock,Home,4,2461.43,2024-11-04,West
ORD4373,Wireless Earbuds,Electronics,5,651.44,2024-08-08,North
ORD4374,Sunscreen SPF50,Beauty,2,4460.39,2024-07-31,Central
ORD4375,USB-C Cable,Electronics,3,5844.25,2024-11-16,East
ORD4376,Power Bank,Electronics,2,2680.89,2025-02-16,East
ORD4377,Power Bank,Electronics,4,5311.12,2025-01-02,East
ORD4378,Sunglasses,Fashion,5,5643.31,2025-03-25,North
ORD4379,Football,Sports,4,3574.01,2024-12-25,North
ORD4380,Cotton Bedsheet,Home,2,2362.7,2024-11-04,Central
ORD4381,Cricket Bat,Sports,6,759.23,2024-10-27,South
ORD4382,Face Serum,Beauty,6,1723.21,2024-10-07,South
ORD4383,Sunglasses,Fashion,1,5131.65,2024-08-19,West
ORD4384,Table Lamp,Home,4,2887.32,2024-10-18,East
ORD4385,Cotton Bedsheet,Home,2,727.78,2024-09-04,East
ORD4386,Table Lamp,Home,6,4794.66,2025-02-01,South
ORD4387,Yoga Mat,Sports,6,4435.6,2025-03-23,North
ORD4388,Non-stick Pan,Home,4,1343.41,2025-01-19,East
ORD4389,Wireless Earbuds,Electronics,6,1183.44,2024-12-05,Central
ORD4390,Wall Clock,Home,3,236.24,2024-09-14,South
ORD4391,Storage Box,Home,1,292.71,2024-11-08,South
ORD4392,Running Shoes,Fashion,2,2009.29,2025-01-05,South
ORD4393,Denim Jacket,Fashion,1,4226.12,2024-07-10,Central
ORD4394,Power Bank,Electronics,2,5589.13,2024-09-09,East
ORD4395,Leather Wallet,Fashion,6,647.92,2024-12-01,East
ORD4396,Cotton Bedsheet,Home,6,3857.49,2024-08-25,East
ORD4397,Running Shoes,Fashion,4,4834.75,2025-03-06,Central
ORD4398,Cotton Bedsheet,Home,1,2478.65,2025-03-04,South
ORD4399,Skipping Rope,Sports,6,1640.04,2025-03-10,North
ORD4400,Wall Clock,Home,3,2177.44,2024-07-31,Central
ORD4401,Hair Dryer,Beauty,6,5883.6,2025-03-16,Central
ORD4402,Power Bank,Electronics,6,1179.57,2024-10-29,Central
ORD4403,Dumbbell Set,Sports,1,5533.64,2024-11-12,South
ORD4404,Lip Balm,Beauty,1,1321.8,2025-02-20,West
ORD4405,Bluetooth Speaker,Electronics,4,2875.78,2024-10-27,West
ORD4406,Power Bank,Electronics,1,2661.68,2024-06-06,East
ORD4407,Denim Jacket,Fashion,2,2798.15,2024-06-11,West
ORD4408,Storage Box,Home,4,607.63,2025-02-11,East
ORD4409,Face Serum,Beauty,4,3692.03,2024-12-09,South
ORD4410,Bluetooth Speaker,Electronics,1,2802.56,2025-02-26,Central
ORD4411,Running Shoes,Fashion,6,4171.69,2025-01-17,South
ORD4412,Football,Sports,4,5917.84,2024-06-27,East
ORD4413,USB-C Cable,Electronics,4,1142.76,2024-09-09,North
ORD4414,Yoga Mat,Sports,6,2355.53,2025-01-14,Central
ORD4415,Lip Balm,Beauty,6,4183.69,2025-03-13,West
ORD4416,Leather Wallet,Fashion,3,233.5,2024-07-30,Central
ORD4417,Non-stick Pan,Home,3,1593.56,2024-08-01,West
ORD4418,Cotton T-Shirt,Fashion,1,1673.91,2024-07-23,West
ORD4419,Smartwatch,Electronics,6,1518.73,2024-10-18,North
ORD4420,Wall Clock,Home,4,885.35,2024-12-11,West
ORD4421,Cotton T-Shirt,Fashion,3,2724.04,2024-06-30,Central
ORD4422,Running Shoes,Fashion,3,907.74,2024-07-02,Central
ORD4423,Leather Wallet,Fashion,2,2540.81,2024-06-29,South
ORD4424,Cricket Bat,Sports,6,2034.45,2025-02-15,Central
ORD4425,Cotton Bedsheet,Home,1,5652.22,2024-08-16,Central
ORD4426,Football,Sports,4,3143.69,2024-11-06,South
ORD4427,Sunglasses,Fashion,6,4146.3,2024-12-04,Central
ORD4428,Yoga Mat,Sports,5,2859.96,2025-01-25,West
ORD4429,Wall Clock,Home,3,3144.11,2024-12-18,Central
ORD4430,Cotton Bedsheet,Home,3,4318.86,2024-10-17,South
ORD4431,Shampoo 200ml,Beauty,2,2612.46,2024-08-30,Central
ORD4432,Face Serum,Beauty,1,2849.53,2024-07-30,West
ORD4433,Denim Jacket,Fashion,6,2153.58,2024-11-18,East
ORD4434,Wall Clock,Home,3,5562.69,2024-06-25,West
ORD4435,Skipping Rope,Sports,5,2120.78,2024-08-05,Central
ORD4436,Sunglasses,Fashion,4,1527.51,2024-07-02,Central
ORD4437,Football,Sports,6,1030.24,2024-11-18,East
ORD4438,Running Shoes,Fashion,4,3545.27,2024-11-01,South
ORD4439,Smartwatch,Electronics,5,4273.16,2024-10-13,South
ORD4440,Smartwatch,Electronics,3,1963.63,2024-06-17,Central
ORD4441,Shampoo 200ml,Beauty,4,1010.14,2024-08-13,Central
ORD4442,Leather Wallet,Fashion,3,343.02,2024-06-12,East
ORD4443,Storage Box,Home,6,4190.76,2024-06-11,South
ORD4444,Cotton T-Shirt,Fashion,4,2671.38,2024-09-27,North
ORD4445,Shampoo 200ml,Beauty,5,4899.78,2025-02-06,East
ORD4446,Wireless Earbuds,Electronics,5,314.73,2024-11-29,North
ORD4447,Cricket Bat,Sports,1,3002.84,2024-09-25,East
ORD4448,Face Serum,Beauty,3,4399.38,2024-10-18,North
ORD4449,Power Bank,Electronics,1,3153.24,2025-03-16,South
ORD4450,Table Lamp,Home,5,989.69,2024-11-10,North
ORD4451,Wall Clock,Home,1,175.58,2025-03-27,East
ORD4452,Wireless Earbuds,Electronics,6,697.96,2025-01-12,East
ORD4453,Sunscreen SPF50,Beauty,5,3497.31,2024-11-25,East
ORD4454,Denim Jacket,Fashion,2,2967.26,2024-09-05,Central
ORD4455,Smartwatch,Electronics,5,5767.01,2025-02-09,East
ORD4456,Lip Balm,Beauty,3,2353.95,2025-03-06,East
ORD4457,Denim Jacket,Fashion,4,1506.56,2024-09-16,South
ORD4458,Skipping Rope,Sports,3,5323.24,2024-12-30,East
ORD4459,USB-C Cable,Electronics,1,1361.98,2024-10-27,Central
ORD4460,Table Lamp,Home,5,956.58,2024-07-16,South
ORD4461,Wireless Earbuds,Electronics,4,4798.69,2024-12-25,East
ORD4462,Sunglasses,Fashion,1,1327.88,2025-03-17,South
ORD4463,Running Shoes,Fashion,4,4144.67,2024-09-08,South
ORD4464,Denim Jacket,Fashion,6,3838.32,2025-01-19,North
ORD4465,Dumbbell Set,Sports,1,3809.49,2025-02-28,South
ORD4466,Power Bank,Electronics,6,248.7,2025-01-09,South
ORD4467,Dumbbell Set,Sports,2,542.12,2024-12-10,West
ORD4468,Yoga Mat,Sports,6,646.99,2024-06-14,Central
ORD4469,Bluetooth Speaker,Electronics,2,5522.67,2025-03-13,South
ORD4470,Hair Dryer,Beauty,6,2956.0,2024-06-04,South
ORD4471,Leather Wallet,Fashion,5,5314.1,2024-10-01,East
ORD4472,Lip Balm,Beauty,3,4007.23,2024-07-06,Central
ORD4473,Non-stick Pan,Home,3,5472.97,2025-01-18,South
ORD4474,Football,Sports,2,3612.23,2025-03-17,West
ORD4475,Non-stick Pan,Home,1,4031.84,2024-09-27,Central
ORD4476,Sunglasses,Fashion,2,486.85,2024-07-07,West
ORD4477,Sunglasses,Fashion,1,1678.88,2024-06-06,Central
ORD4478,USB-C Cable,Electronics,6,287.88,2024-09-06,Central
ORD4479,Leather Wallet,Fashion,2,3198.98,2024-12-10,Central
ORD4480,Wall Clock,Home,3,1528.0,2024-07-16,North
ORD4481,Shampoo 200ml,Beauty,2,1438.05,2025-02-22,South
ORD4482,Shampoo 200ml,Beauty,3,4947.22,2024-10-30,Central
ORD4483,Bluetooth Speaker,Electronics,6,1904.7,2024-12-17,West
ORD4484,Skipping Rope,Sports,5,4270.26,2024-09-29,Central
ORD4485,Sunglasses,Fashion,3,4388.64,2024-09-02,North
ORD4486,Wireless Earbuds,Electronics,6,5548.55,2024-12-04,East
ORD4487,Cotton T-Shirt,Fashion,5,5117.93,2025-02-07,Central
ORD4488,Table Lamp,Home,4,1735.5,2024-12-05,North
ORD4489,Football,Sports,1,5845.03,2024-08-08,South
ORD4490,Power Bank,Electronics,4,2070.0,2024-06-28,South
ORD4491,Cotton T-Shirt,Fashion,6,5396.78,2025-02-27,South
ORD4492,Yoga Mat,Sports,1,5772.8,2024-09-15,South
ORD4493,Smartwatch,Electronics,1,4380.17,2024-09-26,West
ORD4494,Wall Clock,Home,1,470.52,2024-08-16,Central
ORD4495,Sunscreen SPF50,Beauty,5,2148.17,2025-01-16,East
ORD4496,Running Shoes,Fashion,2,2673.21,2025-01-24,North
ORD4497,Power Bank,Electronics,5,2644.14,2024-09-17,South
ORD4498,Bluetooth Speaker,Electronics,2,2191.36,2025-01-26,West
ORD4499,Shampoo 200ml,Beauty,5,3794.51,2024-08-29,North
ORD4500,Storage Box,Home,3,2594.68,2024-07-21,South
ORD4501,Non-stick Pan,Home,3,3526.06,2024-11-25,Central
ORD4502,Wall Clock,Home,3,5777.44,2024-11-27,West
ORD4503,Table Lamp,Home,5,5733.16,2024-11-14,Central
ORD4504,USB-C Cable,Electronics,6,3465.9,2024-10-31,North
ORD4505,Leather Wallet,Fashion,3,5523.56,2025-01-11,West
ORD4506,Storage Box,Home,5,5456.59,2024-08-29,East
ORD4507,Lip Balm,Beauty,5,2220.28,2025-01-06,East
ORD4508,Shampoo 200ml,Beauty,4,3563.81,2024-11-13,West
ORD4509,Face Serum,Beauty,3,838.03,2024-12-26,East
ORD4510,Power Bank,Electronics,4,3654.6,2025-03-25,West
ORD4511,Cotton T-Shirt,Fashion,1,731.7,2025-03-27,North
ORD4512,Sunglasses,Fashion,2,5260.01,2024-11-17,West
ORD4513,Football,Sports,1,1965.88,2024-08-24,West
ORD4514,Leather Wallet,Fashion,5,3072.19,2024-11-30,North
ORD4515,Yoga Mat,Sports,3,4178.55,2024-12-26,North
ORD4516,Sunscreen SPF50,Beauty,5,4269.12,2024-09-02,Central
ORD4517,Running Shoes,Fashion,6,1880.14,2024-12-31,South
ORD4518,Lip Balm,Beauty,1,5174.71,2024-08-23,North
ORD4519,Dumbbell Set,Sports,2,2107.58,2024-07-27,South
ORD4520,Wall Clock,Home,1,1171.17,2024-10-23,East
ORD4521,Sunscreen SPF50,Beauty,4,2361.49,2024-11-13,North
ORD4522,Sunglasses,Fashion,4,1691.8,2025-01-28,North
ORD4523,Running Shoes,Fashion,2,4086.61,2024-11-16,East
ORD4524,Sunglasses,Fashion,5,1556.34,2025-03-07,East
ORD4525,Cotton Bedsheet,Home,3,3076.3,2024-10-29,Central
ORD4526,Skipping Rope,Sports,6,3742.68,2024-07-05,West
ORD4527,Cricket Bat,Sports,2,5672.33,2024-11-21,South
ORD4528,Wall Clock,Home,6,2919.86,2024-11-12,North
ORD4529,Table Lamp,Home,5,4204.07,2024-07-04,Central
ORD4530,Power Bank,Electronics,6,1916.28,2025-03-22,West
ORD4531,Table Lamp,Home,1,615.43,2025-01-03,South
ORD4532,Storage Box,Home,1,3452.51,2024-07-20,North
ORD4533,Running Shoes,Fashion,3,4084.46,2024-11-12,Central
ORD4534,Face Serum,Beauty,5,3978.29,2024-10-16,North
ORD4535,Smartwatch,Electronics,5,3020.9,2025-02-22,South
ORD4536,Cotton T-Shirt,Fashion,3,3662.52,2024-10-18,South
ORD4537,Wireless Earbuds,Electronics,6,1903.17,2024-06-09,Central
ORD4538,Running Shoes,Fashion,5,1243.76,2024-12-26,East
ORD4539,Sunglasses,Fashion,1,5023.98,2025-03-08,West
ORD4540,Non-stick Pan,Home,3,353.75,2024-12-09,East
ORD4541,Smartwatch,Electronics,1,3696.37,2025-03-21,South
ORD4542,Lip Balm,Beauty,4,4590.91,2024-06-02,West
ORD4543,Football,Sports,6,5430.76,2024-12-23,North
ORD4544,Hair Dryer,Beauty,3,809.56,2024-12-04,North
ORD4545,Wall Clock,Home,3,4760.85,2025-03-12,South
ORD4546,Hair Dryer,Beauty,3,5872.85,2024-12-02,Central
ORD4547,Sunglasses,Fashion,2,2983.61,2024-07-02,West
ORD4548,Skipping Rope,Sports,2,5334.25,2024-12-30,Central
ORD4549,Smartwatch,Electronics,4,3445.62,2024-10-07,Central
ORD4550,Power Bank,Electronics,1,5127.88,2024-08-31,West
ORD4551,Face Serum,Beauty,1,213.0,2024-09-24,East
ORD4552,Bluetooth Speaker,Electronics,1,5548.93,2024-10-11,East
ORD4553,Football,Sports,5,791.62,2025-01-27,South
ORD4554,Sunglasses,Fashion,3,5302.74,2025-03-15,East
ORD4555,Sunscreen SPF50,Beauty,2,2938.44,2025-03-18,Central
ORD4556,Sunglasses,Fashion,6,647.38,2025-03-04,West
ORD4557,Football,Sports,1,811.04,2025-02-20,North
ORD4558,Wireless Earbuds,Electronics,6,1498.3,2025-01-29,Central
ORD4559,Denim Jacket,Fashion,2,1331.92,2024-10-15,South
ORD4560,Non-stick Pan,Home,1,3832.57,2025-01-13,North
ORD4561,Face Serum,Beauty,2,3014.58,2025-02-04,Central
ORD4562,Sunscreen SPF50,Beauty,2,4512.22,2025-02-04,Central
ORD4563,USB-C Cable,Electronics,6,551.26,2024-08-28,South
ORD4564,USB-C Cable,Electronics,2,1209.14,2024-06-28,East
ORD4565,Sunglasses,Fashion,3,4004.03,2024-10-01,East
ORD4566,USB-C Cable,Electronics,4,3162.21,2025-03-15,North
ORD4567,Lip Balm,Beauty,5,2216.56,2024-07-28,North
ORD4568,Denim Jacket,Fashion,6,5241.66,2024-06-09,North
ORD4569,Wall Clock,Home,3,1109.77,2024-10-19,North
ORD4570,Face Serum,Beauty,6,877.76,2024-09-23,North
ORD4571,Storage Box,Home,4,4104.39,2024-09-16,East
ORD4572,Bluetooth Speaker,Electronics,1,5061.82,2025-01-29,Central
ORD4573,Non-stick Pan,Home,6,4870.05,2024-07-17,West
ORD4574,Cotton Bedsheet,Home,2,5542.15,2025-02-22,North
ORD4575,Storage Box,Home,5,1105.26,2024-08-23,North
ORD4576,Smartwatch,Electronics,2,3737.21,2025-02-05,Central
ORD4577,Hair Dryer,Beauty,3,5995.84,2024-12-24,South
ORD4578,Wireless Earbuds,Electronics,4,5725.45,2024-06-05,North
ORD4579,Sunscreen SPF50,Beauty,1,3157.82,2024-07-25,South
ORD4580,Running Shoes,Fashion,4,5062.65,2024-12-11,West
ORD4581,Cotton T-Shirt,Fashion,6,4930.49,2024-12-17,South
ORD4582,Dumbbell Set,Sports,1,4574.68,2024-10-04,East
ORD4583,Wireless Earbuds,Electronics,1,1552.96,2024-10-10,Central
ORD4584,Hair Dryer,Beauty,6,5876.08,2025-03-24,East
ORD4585,USB-C Cable,Electronics,2,4946.12,2024-07-13,Central
ORD4586,Sunglasses,Fashion,5,5592.83,2024-10-10,East
ORD4587,Sunglasses,Fashion,3,4451.43,2025-01-11,South
ORD4588,Cotton T-Shirt,Fashion,4,5079.46,2024-06-29,East
ORD4589,Lip Balm,Beauty,3,5951.04,2024-07-26,West
ORD4590,Leather Wallet,Fashion,2,3478.69,2025-03-28,North
ORD4591,Leather Wallet,Fashion,3,740.21,2024-10-24,East
ORD4592,Cotton T-Shirt,Fashion,4,4208.53,2024-12-03,West
ORD4593,Sunglasses,Fashion,1,4819.55,2024-11-10,South
ORD4594,Denim Jacket,Fashion,6,5341.18,2025-02-17,Central
ORD4595,Lip Balm,Beauty,4,2010.31,2024-06-09,Central
ORD4596,Dumbbell Set,Sports,1,1612.51,2024-07-13,West
ORD4597,Cricket Bat,Sports,2,597.18,2024-07-21,South
ORD4598,Hair Dryer,Beauty,5,5698.31,2024-11-22,East
ORD4599,Dumbbell Set,Sports,5,1405.73,2025-02-04,West
ORD4600,Storage Box,Home,6,863.59,2024-12-03,East
ORD4601,Cotton Bedsheet,Home,3,826.18,2024-11-10,North
ORD4602,Wall Clock,Home,6,1381.8,2024-07-21,South
ORD4603,Leather Wallet,Fashion,2,1205.5,2025-01-20,South
ORD4604,Power Bank,Electronics,3,5496.9,2025-02-03,East
ORD4605,Storage Box,Home,1,5666.35,2024-06-27,West
ORD4606,Cotton Bedsheet,Home,2,3635.2,2025-03-13,Central
ORD4607,Shampoo 200ml,Beauty,2,1472.77,2024-12-08,South
ORD4608,Wireless Earbuds,Electronics,5,2147.61,2025-02-27,South
ORD4609,Lip Balm,Beauty,3,4141.96,2025-03-07,South
ORD4610,Sunscreen SPF50,Beauty,2,5692.86,2025-02-26,Central
ORD4611,Cotton T-Shirt,Fashion,1,4404.47,2025-03-13,Central
ORD4612,Sunglasses,Fashion,5,4279.11,2025-03-24,Central
ORD4613,USB-C Cable,Electronics,1,5484.76,2024-10-17,South
ORD4614,Yoga Mat,Sports,4,4934.73,2025-03-14,South
ORD4615,Denim Jacket,Fashion,6,162.11,2024-10-09,South
ORD4616,Wall Clock,Home,6,3987.06,2024-11-11,East
ORD4617,Non-stick Pan,Home,2,1247.38,2025-03-16,West
ORD4618,USB-C Cable,Electronics,4,896.57,2024-06-07,East
ORD4619,USB-C Cable,Electronics,6,5669.14,2024-09-03,East
ORD4620,Non-stick Pan,Home,2,4993.54,2024-06-17,North
ORD4621,Yoga Mat,Sports,6,4481.72,2025-01-22,South
ORD4622,Power Bank,Electronics,2,1446.07,2024-10-29,South
ORD4623,USB-C Cable,Electronics,6,4808.64,2025-02-10,South
ORD4624,Cotton T-Shirt,Fashion,4,3090.95,2025-03-21,North
ORD4625,Face Serum,Beauty,2,638.83,2024-08-25,East
ORD4626,Hair Dryer,Beauty,5,5663.24,2025-01-08,Central
ORD4627,Wireless Earbuds,Electronics,2,1924.24,2024-07-28,Central
ORD4628,Dumbbell Set,Sports,4,4626.63,2024-10-22,East
ORD4629,Cricket Bat,Sports,2,5997.51,2025-01-12,West
ORD4630,Skipping Rope,Sports,6,4915.69,2024-11-30,South
ORD4631,Dumbbell Set,Sports,1,676.64,2025-03-17,West
ORD4632,Hair Dryer,Beauty,5,2237.51,2025-01-05,West
ORD4633,Running Shoes,Fashion,1,5293.48,2024-06-25,North
ORD4634,Cotton T-Shirt,Fashion,3,5844.87,2024-08-13,West
ORD4635,Shampoo 200ml,Beauty,1,835.24,2024-08-04,South
ORD4636,Power Bank,Electronics,2,2136.1,2025-01-28,East
ORD4637,Wireless Earbuds,Electronics,1,263.19,2024-12-15,West
ORD4638,Cricket Bat,Sports,4,5186.51,2024-10-01,Central
ORD4639,Sunscreen SPF50,Beauty,5,1730.27,2025-01-17,North
ORD4640,Cricket Bat,Sports,3,3092.08,2024-12-16,South
ORD4641,Bluetooth Speaker,Electronics,1,1168.11,2024-07-10,Central
ORD4642,Cotton Bedsheet,Home,4,1283.11,2025-01-29,South
ORD4643,Running Shoes,Fashion,1,965.18,2025-02-22,North
ORD4644,Table Lamp,Home,1,1052.25,2024-08-18,South
ORD4645,Face Serum,Beauty,3,366.79,2025-01-19,East
ORD4646,Dumbbell Set,Sports,6,2200.03,2024-08-18,Central
ORD4647,Non-stick Pan,Home,3,5115.83,2024-12-19,East
ORD4648,Leather Wallet,Fashion,4,1451.85,2024-07-10,West
ORD4649,Yoga Mat,Sports,3,2317.91,2024-06-28,South
ORD4650,Lip Balm,Beauty,2,2226.75,2024-10-23,South
ORD4651,Storage Box,Home,2,5930.79,2024-10-09,West
ORD4652,Shampoo 200ml,Beauty,4,4510.33,2024-08-04,South
ORD4653,Shampoo 200ml,Beauty,4,582.17,2024-11-03,West
ORD4654,Yoga Mat,Sports,3,4857.77,2024-11-19,South
ORD4655,Non-stick Pan,Home,6,4577.37,2024-06-23,East
ORD4656,Football,Sports,3,5825.02,2024-08-15,East
ORD4657,Sunglasses,Fashion,4,3264.55,2024-12-10,East
ORD4658,Storage Box,Home,1,3761.7,2024-12-21,North
ORD4659,Non-stick Pan,Home,5,3790.84,2024-09-22,North
ORD4660,Power Bank,Electronics,1,868.74,2024-12-12,East
ORD4661,Wall Clock,Home,5,2317.55,2024-07-18,North
ORD4662,Cotton T-Shirt,Fashion,2,1642.15,2024-07-18,East
ORD4663,Smartwatch,Electronics,2,5067.62,2025-01-25,Central
ORD4664,USB-C Cable,Electronics,4,5050.79,2024-06-14,Central
ORD4665,Dumbbell Set,Sports,3,3234.72,2024-12-07,East
ORD4666,Dumbbell Set,Sports,4,1676.03,2024-10-13,Central
ORD4667,Lip Balm,Beauty,5,2776.36,2025-03-17,West
ORD4668,Denim Jacket,Fashion,3,4441.86,2024-08-22,Central
ORD4669,Smartwatch,Electronics,2,2399.86,2024-08-25,West
ORD4670,Leather Wallet,Fashion,5,1646.53,2025-02-09,Central
ORD4671,Running Shoes,Fashion,6,5355.51,2025-01-18,Central
ORD4672,Shampoo 200ml,Beauty,2,4613.33,2024-09-28,North
ORD4673,Yoga Mat,Sports,3,3250.15,2025-03-06,West
ORD4674,Hair Dryer,Beauty,6,4699.71,2024-10-12,East
ORD4675,Wireless Earbuds,Electronics,5,5432.51,2024-08-21,East
ORD4676,Shampoo 200ml,Beauty,1,3927.38,2025-03-16,Central
ORD4677,Dumbbell Set,Sports,4,2116.79,2024-09-19,West
ORD4678,Wireless Earbuds,Electronics,1,4384.56,2024-12-06,Central
ORD4679,Sunscreen SPF50,Beauty,3,581.37,2025-03-14,West
ORD4680,Leather Wallet,Fashion,1,2292.48,2024-09-01,North
ORD4681,Dumbbell Set,Sports,4,596.39,2024-06-11,North
ORD4682,Cotton T-Shirt,Fashion,4,1750.52,2024-07-26,Central
ORD4683,Sunscreen SPF50,Beauty,6,3451.68,2024-10-26,North
ORD4684,Bluetooth Speaker,Electronics,4,3034.44,2025-02-27,North
ORD4685,Hair Dryer,Beauty,6,1449.49,2025-02-24,Central
ORD4686,Running Shoes,Fashion,1,5767.65,2025-01-20,North
ORD4687,Table Lamp,Home,2,5705.2,2025-02-04,North
ORD4688,Football,Sports,1,3244.81,2024-12-28,West
ORD4689,Yoga Mat,Sports,5,2871.78,2024-09-28,West
ORD4690,Table Lamp,Home,4,4841.47,2024-08-13,West
ORD4691,Sunglasses,Fashion,2,3018.48,2024-12-29,North
ORD4692,Wireless Earbuds,Electronics,1,5821.44,2025-01-13,West
ORD4693,Running Shoes,Fashion,1,3627.26,2025-01-23,North
ORD4694,USB-C Cable,Electronics,2,923.75,2024-12-21,West
ORD4695,USB-C Cable,Electronics,1,2360.88,2024-06-02,Central
ORD4696,Denim Jacket,Fashion,4,389.94,2025-02-11,North
ORD4697,Wireless Earbuds,Electronics,1,5527.42,2024-08-11,South
ORD4698,Bluetooth Speaker,Electronics,6,2465.23,2024-09-20,Central
ORD4699,Smartwatch,Electronics,1,5092.48,2024-06-19,North
ORD4700,USB-C Cable,Electronics,1,4443.54,2025-03-17,South
ORD4701,Sunglasses,Fashion,1,180.37,2024-12-13,West
ORD4702,Hair Dryer,Beauty,5,5420.83,2024-07-04,North
ORD4703,Smartwatch,Electronics,5,1933.76,2024-07-12,West
ORD4704,Cotton Bedsheet,Home,5,1026.44,2024-08-17,East
ORD4705,USB-C Cable,Electronics,4,1655.15,2024-08-09,Central
ORD4706,Sunglasses,Fashion,6,2408.95,2025-01-08,West
ORD4707,Table Lamp,Home,1,5404.72,2025-02-04,North
ORD4708,Non-stick Pan,Home,3,5144.72,2024-12-17,East
ORD4709,Running Shoes,Fashion,2,4280.74,2024-08-20,North
ORD4710,Dumbbell Set,Sports,3,5027.91,2024-10-13,Central
ORD4711,Smartwatch,Electronics,6,2879.64,2024-11-24,Central
ORD4712,Running Shoes,Fashion,2,1872.24,2024-10-07,South
ORD4713,Sunscreen SPF50,Beauty,2,5794.39,2024-08-31,South
ORD4714,Power Bank,Electronics,6,2024.02,2025-02-13,West
ORD4715,Face Serum,Beauty,6,5775.89,2024-08-18,North
ORD4716,Table Lamp,Home,4,677.07,2024-09-14,Central
ORD4717,Table Lamp,Home,2,769.32,2025-02-24,West
ORD4718,Shampoo 200ml,Beauty,6,4747.2,2025-01-23,East
ORD4719,Sunglasses,Fashion,2,1190.64,2025-02-06,Central
ORD4720,Power Bank,Electronics,2,3747.41,2024-06-23,East
ORD4721,Football,Sports,2,333.04,2025-03-24,West
ORD4722,Shampoo 200ml,Beauty,4,4582.21,2025-01-10,South
ORD4723,Football,Sports,1,3851.69,2025-01-09,East
ORD4724,Skipping Rope,Sports,1,5455.51,2024-06-22,East
ORD4725,Face Serum,Beauty,4,1892.16,2024-11-15,East
ORD4726,Sunglasses,Fashion,3,4437.52,2024-12-26,East
ORD4727,Shampoo 200ml,Beauty,6,5687.54,2024-10-04,West
ORD4728,Smartwatch,Electronics,2,1639.8,2025-01-25,Central
ORD4729,Dumbbell Set,Sports,6,5077.58,2025-02-22,West
ORD4730,Cotton Bedsheet,Home,2,4864.07,2024-12-11,West
ORD4731,Cotton T-Shirt,Fashion,6,3275.62,2024-10-27,South
ORD4732,Lip Balm,Beauty,5,4657.1,2024-10-27,West
ORD4733,Cotton T-Shirt,Fashion,6,1759.55,2024-07-01,South
ORD4734,Wireless Earbuds,Electronics,2,3912.72,2024-11-01,South
ORD4735,Shampoo 200ml,Beauty,3,4577.32,2025-03-16,East
ORD4736,Denim Jacket,Fashion,5,5941.88,2024-08-28,South
ORD4737,Cotton Bedsheet,Home,3,4768.36,2024-11-18,South
ORD4738,Non-stick Pan,Home,4,2590.82,2024-08-22,South
ORD4739,Skipping Rope,Sports,6,4626.29,2024-12-04,West
ORD4740,Cotton T-Shirt,Fashion,5,5424.54,2024-08-16,North
ORD4741,Wall Clock,Home,5,154.24,2024-09-12,South
ORD4742,Shampoo 200ml,Beauty,1,4785.18,2024-07-10,East
ORD4743,Shampoo 200ml,Beauty,1,730.9,2024-11-07,North
ORD4744,Wireless Earbuds,Electronics,3,4529.86,2025-02-26,North
ORD4745,Sunscreen SPF50,Beauty,2,554.43,2024-10-03,Central
ORD4746,Denim Jacket,Fashion,5,578.87,2024-12-01,Central
ORD4747,Shampoo 200ml,Beauty,3,378.46,2024-07-03,West
ORD4748,Wall Clock,Home,4,5300.85,2024-12-04,North
ORD4749,Leather Wallet,Fashion,6,3692.19,2024-08-10,North
ORD4750,Running Shoes,Fashion,1,3984.89,2025-03-13,North
ORD4751,Wireless Earbuds,Electronics,6,3532.75,2024-10-14,East
ORD4752,Table Lamp,Home,1,963.98,2025-02-05,South
ORD4753,Table Lamp,Home,6,2344.16,2024-12-21,Central
ORD4754,Denim Jacket,Fashion,4,3912.97,2024-09-05,Central
ORD4755,USB-C Cable,Electronics,2,2388.49,2024-09-10,South
ORD4756,Shampoo 200ml,Beauty,4,4459.04,2024-07-22,North
ORD4757,Denim Jacket,Fashion,1,4517.63,2025-01-21,East
ORD4758,Wall Clock,Home,5,5207.86,2025-01-30,North
ORD4759,Running Shoes,Fashion,3,5125.6,2024-09-04,West
ORD4760,Denim Jacket,Fashion,5,1441.34,2024-12-10,East
ORD4761,Face Serum,Beauty,3,5651.92,2025-02-15,South
ORD4762,Yoga Mat,Sports,4,3058.75,2024-08-08,Central
ORD4763,Cricket Bat,Sports,3,5251.62,2024-11-30,Central
ORD4764,Leather Wallet,Fashion,3,1589.83,2025-03-26,East
ORD4765,Lip Balm,Beauty,2,4809.31,2025-02-03,South
ORD4766,Cotton T-Shirt,Fashion,5,2830.75,2025-03-16,Central
ORD4767,Skipping Rope,Sports,2,1244.74,2024-10-26,East
ORD4768,Cotton T-Shirt,Fashion,1,4409.29,2024-10-22,South
ORD4769,Wireless Earbuds,Electronics,1,809.68,2024-12-22,North
ORD4770,Power Bank,Electronics,4,3231.46,2024-10-22,East
ORD4771,Wall Clock,Home,6,5041.87,2024-06-17,East
ORD4772,Hair Dryer,Beauty,5,2374.62,2024-08-05,West
ORD4773,Dumbbell Set,Sports,2,1535.95,2024-11-21,South
ORD4774,Wireless Earbuds,Electronics,6,4079.29,2024-08-05,East
ORD4775,Denim Jacket,Fashion,5,2107.85,2024-09-02,East
ORD4776,Sunscreen SPF50,Beauty,4,5079.62,2025-02-05,South
ORD4777,Bluetooth Speaker,Electronics,3,1074.99,2024-12-03,Central
ORD4778,Face Serum,Beauty,1,1442.17,2024-07-19,North
ORD4779,Power Bank,Electronics,3,863.24,2024-09-30,South
ORD4780,Sunglasses,Fashion,2,2555.85,2024-10-29,Central
ORD4781,Table Lamp,Home,3,656.28,2025-01-06,Central
ORD4782,Cotton T-Shirt,Fashion,2,3386.19,2025-03-08,West
ORD4783,Power Bank,Electronics,1,1501.23,2024-09-19,East
ORD4784,Skipping Rope,Sports,1,5490.99,2024-11-27,East
ORD4785,Dumbbell Set,Sports,3,2684.33,2025-02-03,South
ORD4786,Football,Sports,3,1314.78,2024-09-12,North
ORD4787,Face Serum,Beauty,2,151.15,2024-08-12,Central
ORD4788,Hair Dryer,Beauty,6,4375.74,2025-01-30,Central
ORD4789,Denim Jacket,Fashion,6,4213.66,2025-02-02,East
ORD4790,Smartwatch,Electronics,2,2472.55,2025-01-12,South
ORD4791,USB-C Cable,Electronics,4,5188.73,2024-11-29,North
ORD4792,Shampoo 200ml,Beauty,5,3617.78,2024-08-05,Central
ORD4793,Leather Wallet,Fashion,5,2078.34,2024-10-19,East
ORD4794,Power Bank,Electronics,3,4956.42,2024-09-30,South
ORD4795,Wireless Earbuds,Electronics,1,2021.07,2025-03-05,East
ORD4796,Running Shoes,Fashion,2,2413.02,2024-08-04,North
ORD4797,Yoga Mat,Sports,4,4341.94,2024-06-06,South
ORD4798,Sunscreen SPF50,Beauty,2,1500.74,2024-12-07,North
ORD4799,Cricket Bat,Sports,2,995.99,2024-07-16,West
ORD4800,Leather Wallet,Fashion,1,1315.73,2024-07-02,West
ORD4801,Wall Clock,Home,5,5735.32,2024-07-11,East
ORD4802,Cricket Bat,Sports,6,2029.68,2024-10-17,East
ORD4803,Table Lamp,Home,1,2865.6,2024-10-28,East
ORD4804,Shampoo 200ml,Beauty,4,5533.64,2024-08-02,East
ORD4805,Lip Balm,Beauty,1,3083.34,2024-07-20,West
ORD4806,Cotton Bedsheet,Home,2,5331.06,2024-09-22,South
ORD4807,Sunscreen SPF50,Beauty,1,2095.23,2024-11-28,West
ORD4808,Football,Sports,4,5267.35,2025-01-19,North
ORD4809,Non-stick Pan,Home,1,2820.43,2024-12-13,West
ORD4810,Face Serum,Beauty,4,3517.14,2024-11-30,North
ORD4811,Cricket Bat,Sports,6,1015.7,2024-07-12,North
ORD4812,Hair Dryer,Beauty,5,2547.08,2024-11-25,South
ORD4813,Storage Box,Home,3,3054.25,2024-07-25,East
ORD4814,Bluetooth Speaker,Electronics,6,1741.33,2024-10-12,South
ORD4815,Football,Sports,5,1808.67,2024-09-16,East
ORD4816,Football,Sports,1,191.67,2024-07-05,Central
ORD4817,Table Lamp,Home,5,3006.38,2024-12-16,South
ORD4818,Skipping Rope,Sports,1,3615.64,2025-03-25,South
ORD4819,Face Serum,Beauty,5,706.28,2025-03-22,South
ORD4820,Yoga Mat,Sports,5,3275.57,2024-08-05,North
ORD4821,Lip Balm,Beauty,1,719.36,2025-02-24,North
ORD4822,Lip Balm,Beauty,4,2612.75,2024-06-05,North
ORD4823,Yoga Mat,Sports,5,2671.59,2025-01-12,East
ORD4824,Cotton Bedsheet,Home,4,917.33,2024-07-15,East
ORD4825,Wall Clock,Home,5,1465.35,2025-02-17,North
ORD4826,Shampoo 200ml,Beauty,3,4792.73,2024-07-12,West
ORD4827,Sunscreen SPF50,Beauty,1,1356.43,2025-01-22,East
ORD4828,Dumbbell Set,Sports,1,1549.84,2024-08-10,West
ORD4829,Sunscreen SPF50,Beauty,3,2154.72,2024-10-05,West
ORD4830,Lip Balm,Beauty,1,693.04,2025-02-21,South
ORD4831,Leather Wallet,Fashion,4,3812.34,2024-11-20,North
ORD4832,Sunscreen SPF50,Beauty,5,791.81,2024-08-26,West
ORD4833,Smartwatch,Electronics,3,3278.59,2024-09-08,West
ORD4834,Wall Clock,Home,1,5230.42,2024-09-08,East
ORD4835,Bluetooth Speaker,Electronics,3,287.43,2024-09-12,East
ORD4836,Face Serum,Beauty,6,2919.33,2024-12-30,Central
ORD4837,Lip Balm,Beauty,4,1913.91,2024-10-30,West
ORD4838,Cotton T-Shirt,Fashion,6,1629.74,2024-08-12,North
ORD4839,Football,Sports,2,3746.52,2025-03-13,South
ORD4840,Bluetooth Speaker,Electronics,3,5447.15,2025-02-17,Central
ORD4841,Shampoo 200ml,Beauty,3,4955.27,2024-11-27,North
ORD4842,Table Lamp,Home,3,537.78,2024-11-06,West
ORD4843,Running Shoes,Fashion,5,4272.05,2024-12-30,East
ORD4844,Hair Dryer,Beauty,5,5530.57,2024-09-21,Central
ORD4845,Lip Balm,Beauty,3,2954.02,2025-02-07,North
ORD4846,Non-stick Pan,Home,1,1117.25,2024-10-01,Central
ORD4847,Non-stick Pan,Home,1,299.24,2024-12-06,West
ORD4848,Wall Clock,Home,6,4390.95,2025-01-15,West
ORD4849,Lip Balm,Beauty,4,4621.94,2024-06-22,West
ORD4850,Face Serum,Beauty,2,5368.01,2024-09-28,South
ORD4851,Shampoo 200ml,Beauty,6,2998.91,2024-10-10,East
ORD4852,Wireless Earbuds,Electronics,6,5391.56,2025-03-14,East
ORD4853,Wall Clock,Home,4,5426.76,2024-07-28,Central
ORD4854,Table Lamp,Home,1,1424.34,2024-10-19,North
ORD4855,Dumbbell Set,Sports,3,4461.81,2025-02-17,South
ORD4856,Face Serum,Beauty,4,1308.87,2024-08-09,North
ORD4857,Table Lamp,Home,6,212.97,2024-12-21,West
ORD4858,Leather Wallet,Fashion,6,2253.88,2025-02-12,East
ORD4859,Hair Dryer,Beauty,5,3065.53,2025-01-26,Central
ORD4860,Skipping Rope,Sports,3,2195.49,2025-02-12,West
ORD4861,Cricket Bat,Sports,4,4248.34,2025-01-31,North
ORD4862,Smartwatch,Electronics,5,656.63,2024-10-29,West
ORD4863,USB-C Cable,Electronics,1,5596.47,2024-08-30,South
ORD4864,Cricket Bat,Sports,1,271.39,2024-09-13,South
ORD4865,Hair Dryer,Beauty,4,2446.02,2025-01-04,Central
ORD4866,Skipping Rope,Sports,5,1914.77,2024-06-10,North
ORD4867,Cotton Bedsheet,Home,4,5645.02,2024-11-17,North
ORD4868,Table Lamp,Home,3,5507.8,2024-10-12,North
ORD4869,Smartwatch,Electronics,2,380.12,2025-01-13,West
ORD4870,Running Shoes,Fashion,2,1413.61,2024-08-31,Central
ORD4871,Sunglasses,Fashion,3,2936.86,2024-06-28,South
ORD4872,Football,Sports,6,563.33,2024-06-16,Central
ORD4873,Sunglasses,Fashion,2,4567.73,2025-01-31,North
ORD4874,Cotton T-Shirt,Fashion,2,3200.82,2025-01-04,Central
ORD4875,Shampoo 200ml,Beauty,1,989.34,2025-03-18,West
ORD4876,Shampoo 200ml,Beauty,4,1041.18,2024-09-09,East
ORD4877,Cotton T-Shirt,Fashion,4,4541.12,2024-10-22,South
ORD4878,Smartwatch,Electronics,6,1304.66,2025-02-18,South
ORD4879,Sunglasses,Fashion,6,3521.83,2025-03-28,East
ORD4880,Table Lamp,Home,2,5240.34,2024-06-26,North
ORD4881,Cricket Bat,Sports,5,5547.35,2024-11-07,North
ORD4882,Bluetooth Speaker,Electronics,3,758.41,2025-01-17,North
ORD4883,Storage Box,Home,6,1621.44,2024-10-03,West
ORD4884,Cotton Bedsheet,Home,1,1346.66,2024-08-16,East
ORD4885,Smartwatch,Electronics,6,2722.99,2025-02-18,Central
ORD4886,Shampoo 200ml,Beauty,2,5093.49,2025-02-01,West
ORD4887,Cricket Bat,Sports,6,975.49,2024-08-30,North
ORD4888,Wireless Earbuds,Electronics,4,944.35,2024-10-15,Central
ORD4889,Table Lamp,Home,6,2142.82,2024-07-15,West
ORD4890,Running Shoes,Fashion,6,5609.06,2025-03-18,West
ORD4891,Table Lamp,Home,2,991.06,2024-07-01,East
ORD4892,Football,Sports,1,3790.56,2025-01-01,East
ORD4893,USB-C Cable,Electronics,4,2444.19,2025-02-02,North
ORD4894,Cotton T-Shirt,Fashion,4,451.36,2025-01-04,East
ORD4895,Football,Sports,5,2699.87,2024-09-18,West
ORD4896,Cricket Bat,Sports,6,4542.03,2025-01-23,North
ORD4897,Face Serum,Beauty,2,535.13,2025-03-20,South
ORD4898,Yoga Mat,Sports,4,2371.15,2025-01-31,North
ORD4899,Face Serum,Beauty,1,892.7,2025-01-11,Central
ORD4900,Sunscreen SPF50,Beauty,6,1768.39,2024-11-20,South
ORD4901,Hair Dryer,Beauty,3,5701.64,2024-06-01,North
ORD4902,Wall Clock,Home,5,3057.33,2024-06-21,West
ORD4903,Leather Wallet,Fashion,3,5025.94,2024-11-05,Central
ORD4904,USB-C Cable,Electronics,4,3325.37,2024-11-03,Central
ORD4905,Football,Sports,6,1739.69,2024-09-08,South
ORD4906,Bluetooth Speaker,Electronics,6,3550.65,2024-08-25,West
ORD4907,Football,Sports,5,2904.23,2024-09-14,West
ORD4908,Cotton T-Shirt,Fashion,6,4786.34,2025-02-28,East
ORD4909,Cotton T-Shirt,Fashion,4,4275.26,2024-12-15,East
ORD4910,Table Lamp,Home,5,988.37,2025-01-01,East
ORD4911,Table Lamp,Home,5,803.0,2024-08-06,South
ORD4912,Non-stick Pan,Home,4,2318.25,2024-10-11,North
ORD4913,Cotton Bedsheet,Home,4,2450.42,2024-10-01,East
ORD4914,USB-C Cable,Electronics,3,5054.06,2024-11-09,East
ORD4915,Sunscreen SPF50,Beauty,1,1825.85,2025-03-19,South
ORD4916,Shampoo 200ml,Beauty,2,1001.11,2024-10-08,West
ORD4917,Shampoo 200ml,Beauty,1,1328.39,2025-03-12,South
ORD4918,Yoga Mat,Sports,4,5776.52,2024-07-02,North
ORD4919,Non-stick Pan,Home,3,3224.86,2025-02-26,West
ORD4920,Running Shoes,Fashion,6,2839.97,2025-03-28,South
ORD4921,Skipping Rope,Sports,4,3733.76,2024-10-04,South
ORD4922,Dumbbell Set,Sports,2,3107.02,2024-09-09,Central
ORD4923,Shampoo 200ml,Beauty,5,3147.36,2025-03-10,West
ORD4924,Skipping Rope,Sports,5,1025.46,2025-02-18,North
ORD4925,Sunscreen SPF50,Beauty,5,5242.72,2025-01-09,Central
ORD4926,Power Bank,Electronics,3,1206.15,2024-08-12,South
ORD4927,Running Shoes,Fashion,4,4878.37,2024-09-29,West
ORD4928,Football,Sports,2,4436.62,2024-12-02,South
ORD4929,USB-C Cable,Electronics,5,3208.2,2024-12-10,Central
ORD4930,Sunglasses,Fashion,4,328.31,2024-09-09,South
ORD4931,Denim Jacket,Fashion,5,5465.9,2024-11-27,North
ORD4932,Football,Sports,4,1050.71,2024-08-18,West
ORD4933,Sunscreen SPF50,Beauty,5,665.83,2024-06-29,West
ORD4934,Shampoo 200ml,Beauty,4,4484.87,2025-01-14,Central
ORD4935,Shampoo 200ml,Beauty,6,4315.22,2025-02-02,North
ORD4936,Yoga Mat,Sports,5,415.63,2025-03-23,West
ORD4937,Leather Wallet,Fashion,5,5705.28,2025-03-21,Central
ORD4938,Cotton Bedsheet,Home,1,2265.07,2025-02-04,East
ORD4939,Power Bank,Electronics,2,5851.21,2024-08-11,West
ORD4940,Wireless Earbuds,Electronics,6,1527.0,2024-08-17,East
ORD4941,Football,Sports,4,1248.66,2024-11-27,North
ORD4942,Skipping Rope,Sports,3,4712.58,2024-07-27,Central
ORD4943,Football,Sports,4,624.21,2024-08-12,Central
ORD4944,Running Shoes,Fashion,4,1543.58,2024-12-04,West
ORD4945,Non-stick Pan,Home,4,2507.29,2024-09-13,Central
ORD4946,Cricket Bat,Sports,4,4628.05,2024-12-21,Central
ORD4947,Running Shoes,Fashion,1,2870.69,2025-03-11,East
ORD4948,Wall Clock,Home,6,4315.49,2024-11-29,Central
ORD4949,Wireless Earbuds,Electronics,5,3788.21,2025-02-17,West
ORD4950,Hair Dryer,Beauty,2,4737.15,2024-10-16,East
ORD4951,Smartwatch,Electronics,1,5246.72,2024-06-15,East
ORD4952,Football,Sports,6,1457.41,2025-02-05,East
ORD4953,Denim Jacket,Fashion,3,5715.17,2024-11-12,South
ORD4954,Lip Balm,Beauty,5,3457.21,2024-07-22,North
ORD4955,Shampoo 200ml,Beauty,6,5520.59,2025-01-14,West
ORD4956,Cotton Bedsheet,Home,2,977.11,2025-01-06,East
ORD4957,Face Serum,Beauty,3,5615.78,2024-09-30,North
ORD4958,Bluetooth Speaker,Electronics,4,214.98,2025-01-22,East
ORD4959,Power Bank,Electronics,4,4858.86,2025-01-27,West
ORD4960,Dumbbell Set,Sports,5,4197.5,2024-11-11,North
ORD4961,Cotton T-Shirt,Fashion,2,5244.41,2024-12-11,Central
ORD4962,Wireless Earbuds,Electronics,4,3166.97,2024-07-07,South
ORD4963,Power Bank,Electronics,3,5253.27,2024-06-28,North
ORD4964,Hair Dryer,Beauty,5,4151.86,2024-11-26,East
ORD4965,Cricket Bat,Sports,5,1431.41,2025-03-27,South
ORD4966,Non-stick Pan,Home,3,2015.09,2025-01-10,East
ORD4967,Cotton Bedsheet,Home,2,893.94,2024-11-03,Central
ORD4968,Cricket Bat,Sports,3,4635.72,2024-09-06,Central
ORD4969,Skipping Rope,Sports,3,3987.33,2025-01-15,West
ORD4970,Skipping Rope,Sports,2,1370.37,2024-06-27,South
ORD4971,Yoga Mat,Sports,3,2688.62,2024-11-15,Central
ORD4972,Power Bank,Electronics,1,2192.98,2025-01-09,Central
ORD4973,Running Shoes,Fashion,1,5060.95,2024-09-15,West
ORD4974,Wireless Earbuds,Electronics,2,3185.54,2025-02-04,East
ORD4975,USB-C Cable,Electronics,6,811.48,2025-01-19,South
ORD4976,Power Bank,Electronics,5,4799.68,2024-09-26,Central
ORD4977,Table Lamp,Home,3,1986.72,2025-03-07,West
ORD4978,Skipping Rope,Sports,5,4582.61,2025-03-17,West
ORD4979,Wall Clock,Home,5,5776.37,2024-09-29,North
ORD4980,Wall Clock,Home,3,479.99,2024-08-13,North
ORD4981,Cricket Bat,Sports,1,2024.45,2024-06-27,Central
ORD4982,Table Lamp,Home,5,711.29,2024-12-27,North
ORD4983,Sunglasses,Fashion,3,4504.12,2025-02-26,Central
ORD4984,Lip Balm,Beauty,3,3737.57,2025-03-10,North
ORD4985,Cricket Bat,Sports,3,5773.79,2024-10-02,Central
ORD4986,Lip Balm,Beauty,3,2835.48,2024-09-04,West
ORD4987,Smartwatch,Electronics,3,3135.54,2024-11-04,Central
ORD4988,Face Serum,Beauty,3,2484.8,2024-08-18,South
ORD4989,Wireless Earbuds,Electronics,3,2446.11,2024-06-04,Central
ORD4990,Cotton T-Shirt,Fashion,6,2439.32,2024-07-26,East
ORD4991,Wireless Earbuds,Electronics,2,5064.31,2024-09-22,East
ORD4992,Power Bank,Electronics,4,3826.0,2024-12-10,West
ORD4993,Smartwatch,Electronics,1,5909.39,2024-06-11,Central
ORD4994,Cotton T-Shirt,Fashion,6,2827.94,2024-11-16,West
ORD4995,Skipping Rope,Sports,2,4982.57,2025-01-30,Central
ORD4996,Wall Clock,Home,1,5571.47,2024-11-05,West
ORD4997,Denim Jacket,Fashion,4,1038.99,2025-03-18,Central
ORD4998,Bluetooth Speaker,Electronics,3,5237.08,2024-07-13,Central
ORD4999,Face Serum,Beauty,5,879.78,2024-08-10,West
ORD5000,Lip Balm,Beauty,4,566.79,2024-11-05,South
ORD5001,Denim Jacket,Fashion,2,621.86,2024-07-09,Central
ORD5002,Bluetooth Speaker,Electronics,4,3941.0,2024-08-08,South
ORD5003,Shampoo 200ml,Beauty,2,5953.38,2025-03-10,North
ORD5004,Cotton Bedsheet,Home,1,3730.62,2025-03-03,South
ORD5005,Smartwatch,Electronics,3,5872.68,2024-10-06,West
ORD5006,Yoga Mat,Sports,2,1955.83,2024-09-20,South
ORD5007,Wall Clock,Home,4,1695.97,2024-08-18,East
ORD5008,Lip Balm,Beauty,4,5791.8,2025-03-10,West
ORD5009,Hair Dryer,Beauty,1,4525.32,2024-11-18,Central
ORD5010,Wireless Earbuds,Electronics,1,4335.85,2025-03-12,Central
ORD5011,Denim Jacket,Fashion,5,827.66,2025-01-27,East
ORD5012,Wireless Earbuds,Electronics,3,1726.92,2025-03-06,East
ORD5013,Hair Dryer,Beauty,1,3424.93,2024-06-26,West
ORD5014,Hair Dryer,Beauty,6,4831.24,2024-07-25,East
ORD5015,Skipping Rope,Sports,1,2183.19,2024-07-29,East
ORD5016,Leather Wallet,Fashion,4,692.04,2024-11-22,East
ORD5017,Power Bank,Electronics,1,357.87,2024-12-26,East
ORD5018,Sunscreen SPF50,Beauty,4,2436.7,2025-03-02,Central
ORD5019,Cotton T-Shirt,Fashion,3,4052.22,2024-09-29,West
ORD5020,Storage Box,Home,4,2639.52,2024-12-02,Central
ORD5021,Cricket Bat,Sports,5,3657.23,2024-08-26,South
ORD5022,Cotton T-Shirt,Fashion,2,1513.0,2025-03-15,North
ORD5023,Sunscreen SPF50,Beauty,2,2380.01,2024-10-16,Central
ORD5024,Sunglasses,Fashion,6,780.15,2024-12-18,North
ORD5025,Leather Wallet,Fashion,2,3359.7,2024-09-28,West
ORD5026,Non-stick Pan,Home,5,5651.78,2024-12-09,South
ORD5027,Table Lamp,Home,6,2260.49,2024-09-11,North
ORD5028,Non-stick Pan,Home,4,815.04,2024-07-26,West
ORD5029,Bluetooth Speaker,Electronics,4,3114.52,2025-01-30,South
ORD5030,Cotton T-Shirt,Fashion,4,5871.48,2025-03-23,South
ORD5031,Sunscreen SPF50,Beauty,6,1177.91,2024-07-27,West
ORD5032,Face Serum,Beauty,5,4238.76,2024-12-26,Central
ORD5033,Cotton Bedsheet,Home,3,3205.11,2024-11-22,Central
ORD5034,Denim Jacket,Fashion,1,1410.48,2024-11-08,West
ORD5035,Running Shoes,Fashion,5,2767.45,2025-01-15,East
ORD5036,Power Bank,Electronics,2,3718.97,2024-08-17,Central
ORD5037,Face Serum,Beauty,6,2999.55,2024-12-26,East
ORD5038,Shampoo 200ml,Beauty,5,3494.66,2024-06-29,West
ORD5039,USB-C Cable,Electronics,2,4483.53,2024-10-13,South
ORD5040,Running Shoes,Fashion,1,3110.33,2024-11-09,East
ORD5041,Cotton T-Shirt,Fashion,1,3572.41,2024-08-04,East
ORD5042,Smartwatch,Electronics,2,3156.15,2025-01-08,South
ORD5043,Sunglasses,Fashion,3,185.48,2025-01-05,North
ORD5044,Face Serum,Beauty,6,4054.87,2024-10-07,Central
ORD5045,Smartwatch,Electronics,3,2053.74,2024-10-04,West
ORD5046,Denim Jacket,Fashion,1,713.79,2024-12-02,West
ORD5047,Yoga Mat,Sports,3,2696.97,2024-07-26,West
ORD5048,Running Shoes,Fashion,3,5304.38,2024-09-25,South
ORD5049,Shampoo 200ml,Beauty,5,1730.25,2024-07-16,South
ORD5050,Running Shoes,Fashion,6,3024.68,2024-07-06,North
ORD5051,Yoga Mat,Sports,4,800.96,2024-12-09,West
ORD5052,Smartwatch,Electronics,3,744.73,2025-03-26,East
ORD5053,Smartwatch,Electronics,5,5164.34,2024-12-01,East
ORD5054,Dumbbell Set,Sports,5,2995.07,2024-09-17,West
ORD5055,Yoga Mat,Sports,4,1172.81,2024-12-19,West
ORD5056,USB-C Cable,Electronics,1,3280.33,2024-10-02,Central
ORD5057,Yoga Mat,Sports,4,4992.49,2024-11-07,Central
ORD5058,Storage Box,Home,6,1143.94,2024-09-09,North
ORD5059,Skipping Rope,Sports,1,2815.7,2024-06-09,East
ORD5060,Lip Balm,Beauty,3,2141.25,2024-09-29,North
ORD5061,Power Bank,Electronics,6,165.1,2024-12-01,North
ORD5062,Skipping Rope,Sports,1,3143.01,2025-02-18,West
ORD5063,Cotton Bedsheet,Home,1,316.88,2025-02-08,West
ORD5064,Cotton Bedsheet,Home,4,1222.56,2024-09-14,West
ORD5065,Storage Box,Home,5,5164.07,2024-07-01,East
ORD5066,Cotton Bedsheet,Home,6,2407.16,2024-06-23,East
ORD5067,Yoga Mat,Sports,3,2866.31,2024-11-30,South
ORD5068,Denim Jacket,Fashion,2,2597.2,2024-12-05,East
ORD5069,Dumbbell Set,Sports,1,5797.19,2024-11-24,South
ORD5070,Football,Sports,2,4647.87,2024-12-07,North
ORD5071,Non-stick Pan,Home,5,3586.32,2024-10-30,South
ORD5072,Face Serum,Beauty,6,2372.09,2024-07-02,North
ORD5073,Skipping Rope,Sports,5,4283.54,2024-08-20,West
ORD5074,Running Shoes,Fashion,6,1988.4,2024-10-11,South
ORD5075,Power Bank,Electronics,3,683.1,2024-07-06,Central
ORD5076,Yoga Mat,Sports,6,1320.67,2024-12-05,West
ORD5077,Running Shoes,Fashion,6,5871.51,2024-08-20,East
ORD5078,Denim Jacket,Fashion,4,388.23,2024-12-29,South
ORD5079,Skipping Rope,Sports,6,1221.44,2024-09-05,Central
ORD5080,Denim Jacket,Fashion,3,5127.98,2024-09-05,Central
ORD5081,Cricket Bat,Sports,5,1908.58,2025-03-15,Central
ORD5082,Cotton Bedsheet,Home,3,523.21,2025-02-03,East
ORD5083,Lip Balm,Beauty,2,3639.45,2025-01-14,West
ORD5084,Leather Wallet,Fashion,3,1990.9,2024-08-23,Central
ORD5085,Skipping Rope,Sports,6,2098.81,2025-01-10,South
ORD5086,Dumbbell Set,Sports,4,3019.15,2025-01-03,East
ORD5087,Face Serum,Beauty,2,619.66,2024-06-02,North
ORD5088,Cotton Bedsheet,Home,6,567.61,2024-09-23,Central
ORD5089,Lip Balm,Beauty,2,3899.88,2024-10-13,South
ORD5090,Smartwatch,Electronics,3,4462.0,2024-09-18,East
ORD5091,Cotton T-Shirt,Fashion,4,1837.95,2025-02-15,Central
ORD5092,Wall Clock,Home,4,5330.59,2024-09-11,Central
ORD5093,Non-stick Pan,Home,2,2324.14,2024-10-25,South
ORD5094,USB-C Cable,Electronics,2,5638.67,2024-10-06,East
ORD5095,Table Lamp,Home,3,519.55,2024-09-09,East
ORD5096,Shampoo 200ml,Beauty,1,5650.91,2025-01-08,Central
ORD5097,Skipping Rope,Sports,6,4448.97,2024-08-17,East
ORD5098,Face Serum,Beauty,3,2933.57,2024-11-12,West
ORD5099,Wireless Earbuds,Electronics,5,421.58,2024-07-10,North
ORD5100,Table Lamp,Home,2,1200.14,2024-07-23,South
ORD5101,Wall Clock,Home,3,5772.88,2024-07-25,South
ORD5102,Power Bank,Electronics,5,3145.34,2024-08-09,South
ORD5103,Wall Clock,Home,3,5480.65,2024-07-21,East
ORD5104,Cotton Bedsheet,Home,4,4940.21,2024-08-08,West
ORD5105,Table Lamp,Home,3,1694.88,2024-09-12,West
ORD5106,Smartwatch,Electronics,6,362.64,2024-11-12,North
ORD5107,Football,Sports,4,3329.83,2025-01-12,West
ORD5108,Skipping Rope,Sports,1,4629.83,2024-07-11,North
ORD5109,Sunglasses,Fashion,1,1367.12,2025-01-03,Central
ORD5110,Denim Jacket,Fashion,2,5452.26,2024-12-19,South
ORD5111,Cotton T-Shirt,Fashion,3,2574.95,2024-06-21,South
ORD5112,Storage Box,Home,6,3441.39,2024-09-05,North
ORD5113,Smartwatch,Electronics,4,634.76,2025-01-19,South
ORD5114,Cotton Bedsheet,Home,6,3356.93,2024-11-29,East
ORD5115,Cotton T-Shirt,Fashion,2,2806.31,2025-03-14,West
ORD5116,Sunscreen SPF50,Beauty,6,2378.58,2024-09-02,South
ORD5117,Leather Wallet,Fashion,3,278.12,2025-03-26,South
ORD5118,USB-C Cable,Electronics,5,4595.12,2025-03-01,West
ORD5119,Skipping Rope,Sports,1,3658.29,2024-12-09,North
ORD5120,Hair Dryer,Beauty,4,3048.34,2025-03-19,West
ORD5121,Skipping Rope,Sports,5,3462.33,2025-02-24,North
ORD5122,Yoga Mat,Sports,6,3473.7,2025-03-15,West
ORD5123,Leather Wallet,Fashion,1,1163.95,2024-07-13,Central
ORD5124,Wireless Earbuds,Electronics,2,1841.08,2024-12-03,East
ORD5125,Power Bank,Electronics,3,3190.32,2024-12-20,South
ORD5126,Sunscreen SPF50,Beauty,3,1345.54,2024-08-24,West
ORD5127,Bluetooth Speaker,Electronics,5,4684.8,2024-12-23,West
ORD5128,Hair Dryer,Beauty,4,4884.33,2025-02-28,East
ORD5129,Cricket Bat,Sports,2,557.15,2024-12-15,South
ORD5130,Wireless Earbuds,Electronics,6,4076.78,2024-12-25,East
ORD5131,Smartwatch,Electronics,6,3752.15,2025-01-23,South
ORD5132,Football,Sports,6,2277.42,2024-10-27,South
ORD5133,Wireless Earbuds,Electronics,3,2218.95,2025-02-09,North
ORD5134,Bluetooth Speaker,Electronics,6,471.94,2024-08-13,West
ORD5135,Sunglasses,Fashion,4,392.73,2025-03-07,Central
ORD5136,Sunglasses,Fashion,4,3717.47,2024-09-05,East
ORD5137,Cricket Bat,Sports,2,1646.73,2024-08-22,South
ORD5138,Smartwatch,Electronics,5,1767.75,2024-11-18,South
ORD5139,Bluetooth Speaker,Electronics,3,4287.13,2025-03-08,West
ORD5140,Power Bank,Electronics,2,3909.77,2024-06-03,Central
ORD5141,Yoga Mat,Sports,5,410.38,2024-10-18,North
ORD5142,Skipping Rope,Sports,5,825.29,2024-08-03,East
ORD5143,Smartwatch,Electronics,1,2245.9,2024-07-01,Central
ORD5144,Running Shoes,Fashion,6,613.28,2024-10-02,East
ORD5145,Lip Balm,Beauty,6,1095.05,2024-12-23,South
ORD5146,Lip Balm,Beauty,1,5350.72,2024-08-27,West
ORD5147,Leather Wallet,Fashion,2,2023.57,2024-10-15,South
ORD5148,Dumbbell Set,Sports,3,2142.35,2024-12-21,North
ORD5149,Denim Jacket,Fashion,3,303.08,2024-07-13,West
ORD5150,Cotton T-Shirt,Fashion,2,2299.36,2024-09-30,Central
ORD5151,Hair Dryer,Beauty,6,2123.91,2024-09-04,West
ORD5152,Hair Dryer,Beauty,2,262.09,2024-07-21,Central
ORD5153,Yoga Mat,Sports,2,1041.62,2024-12-14,West
ORD5154,Smartwatch,Electronics,2,4709.16,2025-03-02,North
ORD5155,Football,Sports,1,1094.17,2025-01-26,Central
ORD5156,USB-C Cable,Electronics,4,4093.36,2024-12-01,North
ORD5157,Sunglasses,Fashion,1,587.59,2024-11-22,South
ORD5158,Table Lamp,Home,4,471.02,2024-11-27,South
ORD5159,Storage Box,Home,5,2922.65,2025-02-28,West
ORD5160,Smartwatch,Electronics,6,1528.67,2025-02-01,East
ORD5161,Football,Sports,2,4646.57,2024-09-10,West
ORD5162,Power Bank,Electronics,2,357.55,2024-07-29,East
ORD5163,Cotton Bedsheet,Home,2,295.15,2024-09-11,South
ORD5164,Leather Wallet,Fashion,5,5489.46,2024-12-30,East
ORD5165,Lip Balm,Beauty,1,1266.44,2024-09-29,North
ORD5166,Smartwatch,Electronics,1,3629.85,2025-02-13,South
ORD5167,Cricket Bat,Sports,5,4540.79,2024-11-02,South
ORD5168,Storage Box,Home,6,2679.29,2024-07-15,East
ORD5169,Denim Jacket,Fashion,1,3619.09,2024-06-16,South
ORD5170,Sunglasses,Fashion,1,1593.57,2024-11-30,West
ORD5171,Denim Jacket,Fashion,6,2368.1,2025-02-10,North
ORD5172,Storage Box,Home,3,2599.48,2024-09-09,East
ORD5173,Smartwatch,Electronics,3,1137.27,2025-02-19,South
ORD5174,Cotton Bedsheet,Home,3,4168.6,2024-11-06,Central
ORD5175,Denim Jacket,Fashion,6,3634.18,2025-03-18,South
ORD5176,Sunglasses,Fashion,4,2228.42,2025-01-11,West
ORD5177,Sunglasses,Fashion,2,5991.36,2024-09-22,East
ORD5178,Table Lamp,Home,6,3703.43,2024-06-01,West
ORD5179,Running Shoes,Fashion,4,1837.28,2024-08-13,South
ORD5180,Smartwatch,Electronics,3,389.32,2024-11-05,East
ORD5181,Hair Dryer,Beauty,2,198.8,2025-01-18,East
ORD5182,Wireless Earbuds,Electronics,4,1301.43,2025-02-10,North
ORD5183,Non-stick Pan,Home,5,822.91,2024-07-23,North
ORD5184,Denim Jacket,Fashion,4,5698.98,2024-12-21,South
ORD5185,Lip Balm,Beauty,2,2867.09,2024-08-18,North
ORD5186,Storage Box,Home,3,4152.64,2024-10-24,South
ORD5187,Shampoo 200ml,Beauty,4,3131.57,2025-02-02,Central
ORD5188,Shampoo 200ml,Beauty,6,1938.8,2025-02-01,South
ORD5189,Hair Dryer,Beauty,5,2538.78,2024-09-08,North
ORD5190,Bluetooth Speaker,Electronics,2,1440.5,2025-02-05,Central
ORD5191,Skipping Rope,Sports,2,4898.93,2025-01-18,North
ORD5192,Storage Box,Home,6,5186.61,2024-08-01,Central
ORD5193,Football,Sports,1,1885.17,2024-10-23,Central
ORD5194,USB-C Cable,Electronics,3,849.83,2025-01-22,East
ORD5195,Face Serum,Beauty,4,4473.25,2024-09-15,Central
ORD5196,Sunglasses,Fashion,3,5851.9,2024-08-16,West
ORD5197,Power Bank,Electronics,5,5301.94,2024-08-20,Central
ORD5198,Hair Dryer,Beauty,3,4307.56,2024-07-07,East
ORD5199,Wireless Earbuds,Electronics,5,5494.56,2024-12-13,North
ORD5200,Sunglasses,Fashion,2,3780.79,2024-09-06,South
ORD5201,Leather Wallet,Fashion,5,3654.7,2025-03-08,Central
ORD5202,Running Shoes,Fashion,4,3475.46,2024-09-06,North
ORD5203,Non-stick Pan,Home,6,4528.37,2025-02-03,North
ORD5204,Bluetooth Speaker,Electronics,1,953.32,2024-09-17,North
ORD5205,Cotton Bedsheet,Home,5,3808.15,2024-12-03,Central
ORD5206,Running Shoes,Fashion,6,4169.34,2024-08-18,North
ORD5207,Sunscreen SPF50,Beauty,2,1302.46,2024-09-13,South
ORD5208,Sunglasses,Fashion,2,1452.14,2025-03-23,Central
ORD5209,Cricket Bat,Sports,1,767.55,2024-08-01,South
ORD5210,Skipping Rope,Sports,4,4614.13,2025-01-27,South
ORD5211,Football,Sports,5,1070.4,2025-03-10,West
ORD5212,Shampoo 200ml,Beauty,5,4956.51,2024-10-04,West
ORD5213,USB-C Cable,Electronics,6,1864.34,2024-08-06,Central
ORD5214,Shampoo 200ml,Beauty,3,758.7,2024-10-09,East
ORD5215,Football,Sports,3,2838.13,2024-09-10,North
ORD5216,Sunscreen SPF50,Beauty,1,2385.43,2024-07-04,East
ORD5217,Cricket Bat,Sports,5,3744.27,2024-08-03,Central
ORD5218,Football,Sports,2,444.6,2025-02-19,North
ORD5219,Bluetooth Speaker,Electronics,1,4591.33,2025-02-21,East
ORD5220,Cotton Bedsheet,Home,5,849.9,2024-10-27,North
ORD5221,Skipping Rope,Sports,1,4565.57,2024-07-09,West
ORD5222,Football,Sports,2,5373.02,2024-06-11,East
ORD5223,Power Bank,Electronics,3,3493.04,2024-11-21,North
ORD5224,Cotton T-Shirt,Fashion,2,5104.41,2024-08-27,West
ORD5225,USB-C Cable,Electronics,2,3486.73,2024-06-04,South
ORD5226,Cricket Bat,Sports,6,1692.66,2024-07-28,West
ORD5227,Power Bank,Electronics,5,1396.65,2024-12-27,South
ORD5228,Running Shoes,Fashion,5,4484.72,2024-11-17,North
ORD5229,Sunscreen SPF50,Beauty,2,1557.08,2024-07-24,South
ORD5230,Face Serum,Beauty,6,2022.79,2024-10-29,North
ORD5231,Bluetooth Speaker,Electronics,4,2553.9,2024-08-21,South
ORD5232,Lip Balm,Beauty,5,1716.35,2024-11-15,South
ORD5233,Sunglasses,Fashion,2,3229.36,2024-07-13,West
ORD5234,Non-stick Pan,Home,4,3174.58,2024-07-31,West
ORD5235,Cotton T-Shirt,Fashion,6,2687.3,2025-02-12,East
ORD5236,Face Serum,Beauty,2,1148.06,2024-07-01,North
ORD5237,Bluetooth Speaker,Electronics,5,3945.97,2024-11-21,Central
ORD5238,Running Shoes,Fashion,1,3372.84,2025-02-25,North
ORD5239,Wireless Earbuds,Electronics,1,1818.64,2024-06-24,South
ORD5240,Non-stick Pan,Home,2,5356.48,2024-12-21,Central
ORD5241,Wall Clock,Home,5,236.26,2024-10-17,North
ORD5242,Yoga Mat,Sports,2,4205.51,2024-11-20,West
ORD5243,Table Lamp,Home,4,3046.8,2024-12-13,West
ORD5244,Bluetooth Speaker,Electronics,4,706.22,2025-03-15,Central
ORD5245,Storage Box,Home,5,5392.28,2025-03-12,Central
ORD5246,Leather Wallet,Fashion,5,4663.11,2025-01-22,North
ORD5247,Yoga Mat,Sports,5,1312.73,2025-02-28,South
ORD5248,Leather Wallet,Fashion,6,5404.24,2024-06-24,East
ORD5249,Wireless Earbuds,Electronics,6,4935.62,2024-10-09,West
ORD5250,Table Lamp,Home,6,3395.29,2024-09-03,Central
ORD5251,Table Lamp,Home,2,815.36,2024-07-11,East
ORD5252,Dumbbell Set,Sports,3,3830.06,2024-07-18,East
ORD5253,Table Lamp,Home,3,4597.43,2024-11-06,West
ORD5254,Football,Sports,5,3816.69,2024-10-30,South
ORD5255,Sunglasses,Fashion,4,1443.23,2025-03-24,North
ORD5256,Wireless Earbuds,Electronics,5,2791.82,2025-02-25,Central
ORD5257,Cotton Bedsheet,Home,3,2254.26,2024-07-02,East
ORD5258,USB-C Cable,Electronics,3,672.34,2024-07-15,South
ORD5259,Bluetooth Speaker,Electronics,1,2743.27,2024-12-17,West
ORD5260,Power Bank,Electronics,1,2414.49,2024-07-25,West
ORD5261,Hair Dryer,Beauty,6,1715.65,2024-12-29,East
ORD5262,Dumbbell Set,Sports,6,5847.18,2025-02-23,West
ORD5263,Wall Clock,Home,3,4644.98,2024-07-07,Central
ORD5264,USB-C Cable,Electronics,4,3508.45,2024-08-11,South
ORD5265,Cotton T-Shirt,Fashion,3,476.15,2024-12-07,West
ORD5266,Non-stick Pan,Home,4,4572.81,2024-08-27,North
ORD5267,Wall Clock,Home,4,5142.72,2024-12-24,South
ORD5268,USB-C Cable,Electronics,1,2537.77,2024-10-18,Central
ORD5269,Running Shoes,Fashion,4,4453.3,2024-08-20,South
ORD5270,USB-C Cable,Electronics,1,515.83,2024-06-29,West
ORD5271,Hair Dryer,Beauty,4,1570.28,2025-01-11,South
ORD5272,USB-C Cable,Electronics,3,4752.1,2025-03-22,South
ORD5273,Sunglasses,Fashion,3,4400.88,2024-06-27,East
ORD5274,Face Serum,Beauty,3,4208.95,2024-07-16,South
ORD5275,Lip Balm,Beauty,4,5774.27,2024-12-14,East
ORD5276,Power Bank,Electronics,3,2460.99,2025-01-01,West
ORD5277,Smartwatch,Electronics,4,4672.4,2024-07-28,North
ORD5278,Bluetooth Speaker,Electronics,1,5632.6,2024-06-10,North
ORD5279,Yoga Mat,Sports,6,2124.94,2025-02-25,Central
ORD5280,Non-stick Pan,Home,5,2623.16,2024-09-04,West
ORD5281,Non-stick Pan,Home,6,5247.68,2024-08-10,East
ORD5282,Shampoo 200ml,Beauty,1,2194.22,2024-09-30,South
ORD5283,Sunglasses,Fashion,6,3152.6,2024-10-11,Central
ORD5284,USB-C Cable,Electronics,4,533.65,2025-01-07,Central
ORD5285,Table Lamp,Home,3,1344.3,2024-08-14,South
ORD5286,Skipping Rope,Sports,6,5069.38,2025-03-04,East
ORD5287,Cotton Bedsheet,Home,1,4192.0,2024-06-02,North
ORD5288,Cotton Bedsheet,Home,5,3333.18,2024-09-20,North
ORD5289,Yoga Mat,Sports,3,193.04,2024-10-05,West
ORD5290,Lip Balm,Beauty,5,1959.27,2025-03-18,North
ORD5291,Smartwatch,Electronics,1,5272.48,2025-01-08,East
ORD5292,Bluetooth Speaker,Electronics,3,2783.11,2025-02-06,North
ORD5293,Yoga Mat,Sports,5,2050.7,2024-06-29,South
ORD5294,Hair Dryer,Beauty,5,190.58,2024-12-18,South
ORD5295,Hair Dryer,Beauty,1,4699.78,2025-03-22,North
ORD5296,Dumbbell Set,Sports,5,2606.86,2024-10-15,Central
ORD5297,Dumbbell Set,Sports,4,928.53,2025-03-28,West
ORD5298,Power Bank,Electronics,6,1284.03,2025-01-14,West
ORD5299,Power Bank,Electronics,6,2827.51,2024-09-03,Central
ORD5300,Hair Dryer,Beauty,6,1900.04,2024-09-01,West
ORD5301,Yoga Mat,Sports,3,5149.46,2025-03-04,Central
ORD5302,Hair Dryer,Beauty,5,4414.05,2024-10-14,North
ORD5303,Non-stick Pan,Home,3,5019.65,2025-01-14,West
ORD5304,Smartwatch,Electronics,1,4786.65,2025-01-28,East
ORD5305,Running Shoes,Fashion,3,2665.25,2024-10-14,East
ORD5306,Yoga Mat,Sports,5,4495.38,2025-03-02,Central
ORD5307,Shampoo 200ml,Beauty,5,5771.46,2024-12-06,North
ORD5308,Bluetooth Speaker,Electronics,5,810.45,2025-03-23,South
ORD5309,Football,Sports,1,2713.69,2024-10-21,North
ORD5310,Denim Jacket,Fashion,1,742.21,2024-10-20,Central
ORD5311,Cricket Bat,Sports,2,3379.82,2024-08-29,Central
ORD5312,Smartwatch,Electronics,1,1863.81,2024-08-30,East
ORD5313,Hair Dryer,Beauty,4,4170.87,2024-09-09,East
ORD5314,Sunscreen SPF50,Beauty,2,2551.72,2024-08-23,West
ORD5315,Cotton Bedsheet,Home,1,3084.07,2025-03-20,North
ORD5316,Non-stick Pan,Home,3,4692.92,2024-11-06,West
ORD5317,Cricket Bat,Sports,2,5790.55,2024-08-31,North
ORD5318,USB-C Cable,Electronics,3,1881.11,2024-12-16,Central
ORD5319,Face Serum,Beauty,4,2843.9,2024-09-05,North
ORD5320,Hair Dryer,Beauty,1,3501.44,2024-07-09,Central
ORD5321,Skipping Rope,Sports,3,2471.25,2025-01-01,North
ORD5322,Face Serum,Beauty,5,3509.47,2024-07-31,North
ORD5323,Bluetooth Speaker,Electronics,6,5063.78,2024-12-24,South
ORD5324,Leather Wallet,Fashion,6,2477.34,2024-07-06,North
ORD5325,Yoga Mat,Sports,2,3231.04,2024-11-25,West
ORD5326,Cricket Bat,Sports,3,286.33,2024-06-29,East
ORD5327,Cotton T-Shirt,Fashion,1,2164.64,2024-12-13,South
ORD5328,Smartwatch,Electronics,6,2775.63,2024-08-20,West
ORD5329,Leather Wallet,Fashion,2,4841.38,2024-09-04,North
ORD5330,Table Lamp,Home,4,2018.0,2025-03-18,South
ORD5331,Dumbbell Set,Sports,5,4248.09,2024-11-12,South
ORD5332,Face Serum,Beauty,1,4504.06,2025-01-31,West
ORD5333,Power Bank,Electronics,2,178.14,2024-09-19,South
ORD5334,Sunglasses,Fashion,5,1280.79,2024-08-12,South
ORD5335,Shampoo 200ml,Beauty,3,2609.6,2025-01-30,Central
ORD5336,Leather Wallet,Fashion,4,5212.34,2024-11-14,South
ORD5337,Non-stick Pan,Home,1,5810.52,2024-10-29,Central
ORD5338,Denim Jacket,Fashion,4,3949.79,2025-03-15,Central
ORD5339,Skipping Rope,Sports,6,356.29,2025-02-05,West
ORD5340,Leather Wallet,Fashion,6,5621.61,2025-01-10,East
ORD5341,Cricket Bat,Sports,6,4536.43,2025-03-09,East
ORD5342,Lip Balm,Beauty,3,663.39,2025-03-25,South
ORD5343,Denim Jacket,Fashion,4,3471.75,2024-10-14,West
ORD5344,Dumbbell Set,Sports,6,3759.0,2025-03-14,East
ORD5345,Power Bank,Electronics,3,994.68,2025-02-22,West
ORD5346,Non-stick Pan,Home,1,655.93,2025-01-26,West
ORD5347,Football,Sports,2,1668.59,2024-07-05,East
ORD5348,Sunglasses,Fashion,4,4041.06,2025-01-12,East
ORD5349,Shampoo 200ml,Beauty,2,3567.52,2024-07-10,North
ORD5350,Table Lamp,Home,5,3290.76,2024-08-31,West
ORD5351,Hair Dryer,Beauty,4,5816.5,2024-12-27,Central
ORD5352,Skipping Rope,Sports,6,2384.81,2024-10-23,South
ORD5353,Smartwatch,Electronics,6,4261.99,2024-11-14,West
ORD5354,Cricket Bat,Sports,4,1176.34,2024-07-06,West
ORD5355,Non-stick Pan,Home,4,2083.19,2025-02-28,West
ORD5356,Running Shoes,Fashion,3,1511.39,2024-08-07,North
ORD5357,Running Shoes,Fashion,6,5173.12,2025-02-22,South
ORD5358,Skipping Rope,Sports,6,5074.26,2024-06-25,Central
ORD5359,Hair Dryer,Beauty,4,1992.32,2024-07-26,East
ORD5360,Shampoo 200ml,Beauty,1,4732.51,2024-07-23,West
ORD5361,Smartwatch,Electronics,5,1536.02,2024-12-30,West
ORD5362,Wireless Earbuds,Electronics,6,2108.43,2024-08-24,South
ORD5363,Lip Balm,Beauty,1,4467.1,2024-10-13,West
ORD5364,Cotton T-Shirt,Fashion,2,4176.43,2024-12-02,West
ORD5365,Football,Sports,2,5529.57,2024-07-29,West
ORD5366,Dumbbell Set,Sports,2,183.26,2024-09-01,South
ORD5367,Face Serum,Beauty,1,1403.73,2024-07-12,Central
ORD5368,Wireless Earbuds,Electronics,2,631.24,2024-10-21,Central
ORD5369,Yoga Mat,Sports,1,4360.93,2025-03-01,East
ORD5370,Lip Balm,Beauty,3,2255.47,2025-02-04,South
ORD5371,Denim Jacket,Fashion,2,3428.35,2024-09-26,Central
ORD5372,Bluetooth Speaker,Electronics,2,5966.36,2024-07-04,Central
ORD5373,Storage Box,Home,4,3543.86,2024-10-13,Central
ORD5374,Dumbbell Set,Sports,3,3587.59,2024-06-06,Central
ORD5375,Leather Wallet,Fashion,5,3168.29,2025-02-10,South
ORD5376,Wall Clock,Home,4,5371.44,2025-02-17,East
ORD5377,Leather Wallet,Fashion,2,2923.99,2024-09-06,West
ORD5378,Bluetooth Speaker,Electronics,3,5501.38,2024-12-18,Central
ORD5379,Cricket Bat,Sports,3,3449.19,2024-06-15,Central
ORD5380,Power Bank,Electronics,4,5590.46,2024-06-15,Central
ORD5381,Leather Wallet,Fashion,5,1310.85,2024-06-28,West
ORD5382,Storage Box,Home,3,2522.07,2024-11-17,Central
ORD5383,Skipping Rope,Sports,5,3387.33,2024-08-30,East
ORD5384,Cotton T-Shirt,Fashion,4,5461.34,2024-10-03,North
ORD5385,Wall Clock,Home,6,1788.88,2024-08-11,North
ORD5386,Dumbbell Set,Sports,4,1938.43,2024-10-04,Central
ORD5387,USB-C Cable,Electronics,5,688.48,2024-07-11,South
ORD5388,Table Lamp,Home,2,5751.75,2024-07-08,East
ORD5389,Bluetooth Speaker,Electronics,6,4155.81,2024-11-29,North
ORD5390,Storage Box,Home,5,1781.5,2024-11-14,East
ORD5391,Power Bank,Electronics,6,2091.69,2024-09-26,West
ORD5392,Wireless Earbuds,Electronics,5,5178.73,2025-01-18,West
ORD5393,Lip Balm,Beauty,1,3744.76,2024-06-24,South
ORD5394,Cotton Bedsheet,Home,6,2670.83,2025-01-30,South
ORD5395,Leather Wallet,Fashion,5,4519.72,2024-10-01,South
ORD5396,Shampoo 200ml,Beauty,3,5301.83,2024-11-06,West
ORD5397,Denim Jacket,Fashion,1,4692.21,2024-09-15,South
ORD5398,Cotton Bedsheet,Home,5,5600.41,2024-11-29,East
ORD5399,Storage Box,Home,6,2692.82,2025-02-02,South
ORD5400,Smartwatch,Electronics,5,2155.7,2024-08-29,North
ORD5401,Football,Sports,6,1774.09,2024-11-22,Central
ORD5402,Football,Sports,5,1018.84,2024-10-17,South
ORD5403,Bluetooth Speaker,Electronics,6,4042.02,2024-07-11,South
ORD5404,Cotton T-Shirt,Fashion,5,3085.65,2025-02-22,South
ORD5405,Dumbbell Set,Sports,6,1355.12,2025-01-31,Central
ORD5406,Smartwatch,Electronics,1,896.5,2024-11-16,West
ORD5407,Power Bank,Electronics,4,5432.55,2025-01-21,West
ORD5408,Dumbbell Set,Sports,3,1633.9,2024-11-23,East
ORD5409,Lip Balm,Beauty,6,3674.56,2025-01-11,North
ORD5410,Bluetooth Speaker,Electronics,1,2337.1,2024-12-30,Central
ORD5411,Sunscreen SPF50,Beauty,1,4091.59,2024-08-06,East
ORD5412,Storage Box,Home,3,2006.17,2025-01-06,South
ORD5413,Cricket Bat,Sports,4,3240.68,2024-12-08,Central
ORD5414,Table Lamp,Home,1,4831.85,2024-06-08,South
ORD5415,Sunglasses,Fashion,6,2168.02,2025-01-30,South
ORD5416,Sunscreen SPF50,Beauty,6,1246.56,2025-01-29,East
ORD5417,Bluetooth Speaker,Electronics,4,3857.99,2024-08-19,West
ORD5418,Denim Jacket,Fashion,1,4513.52,2024-08-28,South
ORD5419,Football,Sports,2,5586.68,2025-02-20,Central
ORD5420,Power Bank,Electronics,2,2692.99,2024-12-30,East
ORD5421,Football,Sports,1,2365.74,2024-11-08,Central
ORD5422,Yoga Mat,Sports,6,4443.55,2024-07-30,Central
ORD5423,Lip Balm,Beauty,2,4508.95,2024-10-01,East
ORD5424,Sunscreen SPF50,Beauty,2,3549.73,2024-06-14,South
ORD5425,Wireless Earbuds,Electronics,1,5313.62,2025-02-16,West
ORD5426,Wireless Earbuds,Electronics,1,384.52,2024-08-11,South
ORD5427,Table Lamp,Home,3,1529.37,2024-08-25,North
ORD5428,Skipping Rope,Sports,2,3518.79,2024-12-01,West
ORD5429,USB-C Cable,Electronics,5,3240.78,2024-10-28,West
ORD5430,Face Serum,Beauty,4,831.74,2024-06-08,North
ORD5431,Leather Wallet,Fashion,5,1210.91,2025-01-25,East
ORD5432,Skipping Rope,Sports,6,732.79,2024-08-02,West
ORD5433,Wall Clock,Home,1,4774.69,2025-01-01,East
ORD5434,Power Bank,Electronics,5,3255.49,2025-02-13,East
ORD5435,Shampoo 200ml,Beauty,1,1219.43,2024-09-09,North
ORD5436,Face Serum,Beauty,2,5000.54,2024-11-26,North
ORD5437,Non-stick Pan,Home,3,241.32,2024-09-11,South
ORD5438,Face Serum,Beauty,6,4215.73,2024-11-26,South
ORD5439,Running Shoes,Fashion,6,5827.75,2025-01-05,Central
ORD5440,Cotton T-Shirt,Fashion,4,5399.38,2024-12-13,Central
ORD5441,Shampoo 200ml,Beauty,4,2469.82,2024-10-09,West
ORD5442,Yoga Mat,Sports,3,1120.07,2025-02-14,East
ORD5443,Wireless Earbuds,Electronics,1,5617.11,2024-06-07,North
ORD5444,Storage Box,Home,3,1269.48,2025-02-17,East
ORD5445,Face Serum,Beauty,1,4583.87,2024-10-02,Central
ORD5446,Cotton Bedsheet,Home,2,1011.53,2025-03-05,South
ORD5447,Storage Box,Home,4,4715.3,2024-08-24,South
ORD5448,Cotton Bedsheet,Home,3,2077.59,2024-07-30,East
ORD5449,Running Shoes,Fashion,4,3038.8,2024-12-06,West
ORD5450,Football,Sports,4,609.27,2024-06-26,North
ORD5451,Smartwatch,Electronics,5,654.77,2024-08-02,Central
ORD5452,Sunscreen SPF50,Beauty,6,4430.63,2025-02-11,Central
ORD5453,Wall Clock,Home,2,3809.15,2024-09-14,East
ORD5454,Skipping Rope,Sports,1,1818.26,2024-08-05,West
ORD5455,Football,Sports,2,654.24,2024-11-11,East
ORD5456,Sunglasses,Fashion,1,3943.71,2025-02-13,West
ORD5457,Leather Wallet,Fashion,3,2846.43,2024-07-21,South
ORD5458,USB-C Cable,Electronics,2,4452.08,2025-03-10,South
ORD5459,Storage Box,Home,1,4041.99,2025-03-03,East
ORD5460,Cotton T-Shirt,Fashion,4,3285.56,2024-11-11,North
ORD5461,Bluetooth Speaker,Electronics,6,3318.79,2024-10-04,Central
ORD5462,Cotton T-Shirt,Fashion,1,3362.59,2024-11-06,South
ORD5463,Dumbbell Set,Sports,2,5713.93,2024-10-22,East
ORD5464,Face Serum,Beauty,1,2899.13,2025-01-16,South
ORD5465,Storage Box,Home,6,372.39,2024-06-25,West
ORD5466,Denim Jacket,Fashion,4,408.7,2024-10-29,Central
ORD5467,Face Serum,Beauty,2,2916.94,2024-09-28,North
ORD5468,USB-C Cable,Electronics,2,5288.69,2024-08-24,West
ORD5469,Lip Balm,Beauty,4,5118.5,2024-06-01,West
ORD5470,Smartwatch,Electronics,1,3106.79,2024-12-16,North
ORD5471,Cricket Bat,Sports,4,2507.13,2024-07-22,North
ORD5472,Dumbbell Set,Sports,5,3526.64,2024-07-15,North
ORD5473,Lip Balm,Beauty,5,2670.02,2024-09-21,East
ORD5474,Dumbbell Set,Sports,1,3573.19,2024-11-12,South
ORD5475,Storage Box,Home,2,810.37,2024-10-13,Central
ORD5476,Wall Clock,Home,6,3611.69,2025-03-24,North
ORD5477,Football,Sports,1,4006.7,2024-11-11,West
ORD5478,Football,Sports,2,1614.48,2024-11-10,East
ORD5479,Football,Sports,3,4054.9,2024-08-26,South
ORD5480,Power Bank,Electronics,5,5361.55,2025-03-21,South
ORD5481,Cotton T-Shirt,Fashion,5,4676.72,2024-06-28,North
ORD5482,Non-stick Pan,Home,5,495.51,2025-03-10,West
ORD5483,Leather Wallet,Fashion,6,5917.16,2024-10-04,East
ORD5484,Sunglasses,Fashion,1,4356.35,2024-06-21,Central
ORD5485,Cricket Bat,Sports,2,1848.03,2025-03-13,Central
ORD5486,Table Lamp,Home,5,5027.68,2024-09-04,West
ORD5487,Storage Box,Home,4,3110.53,2024-09-16,East
ORD5488,Power Bank,Electronics,5,5036.62,2024-09-05,South
ORD5489,Yoga Mat,Sports,5,670.27,2025-01-29,North
ORD5490,Shampoo 200ml,Beauty,6,698.71,2024-06-04,South
ORD5491,Running Shoes,Fashion,2,461.63,2025-02-07,South
ORD5492,Face Serum,Beauty,4,1968.78,2025-01-19,East
ORD5493,Power Bank,Electronics,6,3738.06,2025-02-13,East
ORD5494,Yoga Mat,Sports,1,4785.55,2024-06-15,North
ORD5495,Bluetooth Speaker,Electronics,2,495.04,2024-08-26,North
ORD5496,Sunglasses,Fashion,5,257.83,2024-06-05,North
ORD5497,Bluetooth Speaker,Electronics,6,3488.7,2024-07-26,East
ORD5498,Yoga Mat,Sports,5,1027.47,2025-02-07,South
ORD5499,Cotton T-Shirt,Fashion,2,3923.84,2025-01-02,East
